"Country","Year","Number of physicians","Number of nursing and midwifery personnel","Number of dentistry personnel","Number of pharmaceutical personnel","Number of laboratory health workers","Number of environment and public health workers","Number of community and traditional health workers","Number of other health workers","Number of health management &amp; support workers"
"Afghanistan"," 2013","9184","","124","1607","","","","16382",""
"Afghanistan"," 2012","7521","","109","845","","","","13528",""
"Afghanistan"," 2011","7584","","104","836","","","","12233",""
"Afghanistan"," 2010","6901","","103","814","","","","12163",""
"Afghanistan"," 2009","6037","17257","107","847","","","","12344",""
"Afghanistan"," 2008","4834","13780","382","829","","","","12113",""
"Afghanistan"," 2007","4723","13430","311","830","","","","",""
"Afghanistan"," 2006","4220","11631","337","830","","","","",""
"Afghanistan"," 2005","","14930","900","900","","","","",""
"Afghanistan"," 2001","4104","4752","630","525","","","","",""
"Albania"," 2013","3709","12455","","2441","","","","",""
"Albania"," 2012","3696","12878","","","","","","",""
"Albania"," 2011","3578","","","1388","","","","",""
"Albania"," 2010","3640","","","1324","","","","",""
"Albania"," 2009","3656","12455","","1206","","","","",""
"Algeria"," 2007","40857","65919","11010","8232","9888","2429","993","112252","948"
"Algeria"," 2005","33952","","9022","6104","","","","99158","61593"
"Algeria"," 2002","35368","69749","9553","6333","8838","2534","1062","5654","60316"
"Andorra"," 2010","272","324","59","78","19","","","233",""
"Andorra"," 2003","244","215","44","68","","","","",""
"Angola"," 2009","2956","29592","","","","","","5435",""
"Angola"," 2004","1165","18485","222","919","2029","","","254","256"
"Angola"," 1997","881","13627","2","24","","","","",""
"Antigua and Barbuda"," 1999","12","233","","","","","","",""
"Antigua and Barbuda"," 1997","","","13","","","","","",""
"Argentina"," 2013","160041","","","","","","","",""
"Argentina"," 2004","122623","18685","35592","19510","19629","","","79533",""
"Argentina"," 2001","121076","16600","35944","21177","19774","","","71417",""
"Argentina"," 1998","108800","29000","28900","15300","","","","",""
"Argentina"," 1994","","74000","","","","","","",""
"Argentina"," 1992","88800","69000","21900","10500","7500","1000","","106500","95000"
"Argentina"," 1989","","22400","","","","","","",""
"Argentina"," 1988","","38938","","","","","","",""
"Argentina"," 1979","","40836","","","","","","",""
"Argentina"," 1969","","22976","","","","","","",""
"Armenia"," 2013","8412","15070","1215","148","","","","5236",""
"Armenia"," 2012","8355","15254","1290","125","","","","5249",""
"Armenia"," 2011","8249","15242","1297","121","","","","5222",""
"Armenia"," 2010","8177","15076","1257","123","","","","5082",""
"Armenia"," 2009","7994","14960","1245","110","","","","5024",""
"Australia"," 2012","","","","23294","","","","14566",""
"Australia"," 2011","73980","240716","12154","24636","","","","16870",""
"Australia"," 2010","81639","","","19237","","","","20365",""
"Australia"," 2009","62800","201300","14500","21800","","","","96800",""
"Australia"," 2006","55065","222133","29624","15339","10477","","1012","212780","1954"
"Australia"," 2001","47875","187837","21296","13956","8326","","3812","38339","488313"
"Australia"," 1996","46043","189289","23318","12311","6513","","708","122141",""
"Austria"," 2003","27413","76161","4037","4869","","","","",""
"Azerbaijan"," 2013","32434","62336","2452","1951","","","","320",""
"Azerbaijan"," 2012","32335","63002","2461","1668","","","","328",""
"Azerbaijan"," 2011","31441","63653","2401","1657","","","","324",""
"Azerbaijan"," 2010","33085","66401","2467","1831","","","","315",""
"Azerbaijan"," 2009","32798","72356","2457","1652","","","","304",""
"Bahamas"," 2008","947","1391","115","160","171","","","143",""
"Bahamas"," 1998","312","1323","21","","","","","",""
"Bahrain"," 2012","1244","3224","330","205","420","","","345",""
"Bahrain"," 2011","1208","3192","308","193","422","","","351",""
"Bahrain"," 2010","1178","3052","294","196","430","","","350",""
"Bahrain"," 2009","1149","2990","277","186","380","","","321",""
"Bahrain"," 2008","1103","2856","273","186","380","","","303",""
"Bahrain"," 2007","1052","4354","114","180","","","","",""
"Bahrain"," 2006","972","2605","253","172","360","","","220",""
"Bahrain"," 2005","928","2389","243","164","317","","","209",""
"Bahrain"," 2004","803","3549","342","460","479","294","","1401","2061"
"Bahrain"," 2003","816","2200","129","139","299","","","90",""
"Bahrain"," 2002","792","2111","130","134","292","","","83",""
"Bahrain"," 2001","742","2166","116","135","290","","","74",""
"Bahrain"," 2000","678","1981","102","127","272","","","71",""
"Bangladesh"," 2011","53603","32839","4165","","","5603","50221","7911",""
"Bangladesh"," 2007","43315","39992","2742","9411","3794","","48692","",""
"Bangladesh"," 2006","44632","40040","","","","","","",""
"Bangladesh"," 2005","42881","39471","2344","","1985","6091","21000","6548",""
"Bangladesh"," 2004","38485","46794","2537","9411","3794","5743","46202","5847",""
"Bangladesh"," 2003","36576","37122","","","","","","",""
"Bangladesh"," 2002","","","1886","7622","3676","1041","","581",""
"Bangladesh"," 2001","32498","","","","","","","",""
"Barbados"," 2005","489","1311","94","251","14","194","","115","6"
"Barbados"," 2001","420","1580","62","185","71","194","","131","6"
"Barbados"," 2000","365","","","","","244","","2119",""
"Barbados"," 1995","358","1360","61","169","79","177","","33","6"
"Belarus"," 2013","37281","101041","5196","3264","","","","",""
"Belarus"," 2012","36759","102790","5194","3229","","","","",""
"Belarus"," 2011","35936","99838","5123","3098","","","","",""
"Belarus"," 2010","33325","99995","5087","2731","","","","",""
"Belarus"," 2009","35304","99062","5182","3053","","","","",""
"Belgium"," 2013","","181314","8095","27681","","","","146845","59"
"Belgium"," 2012","","175663","7997","26577","","","","125355","58"
"Belgium"," 2011","","160342","7878","21113","","","","109963","57"
"Belgium"," 2010","39690","165650","8313","16368","","","","94837",""
"Belgium"," 2009","","153219","7645","","","","","85981","58"
"Belgium"," 2008","","","7757","","","","","74295","59"
"Belgium"," 2007","","","7841","","","","","67159","57"
"Belgium"," 2006","22256","","7866","","","","","25667",""
"Belgium"," 2005","21599","","7731","","","","","25109",""
"Belgium"," 2003","","60142","","","","","","",""
"Belgium"," 2002","","","","11775","","","","",""
"Belize"," 2009","241","570","12","112","","60","158","126",""
"Belize"," 2000","251","303","32","","","","","",""
"Benin"," 2008","542","7129","37","20","245","217","","100","6085"
"Benin"," 2004","311","5789","12","11","477","178","88","130","3279"
"Bhutan"," 2012","194","736","","11","27","","641","864","1807"
"Bhutan"," 2008","171","666","","89","10","38","54","957","1429"
"Bhutan"," 2007","144","545","65","87","167","80","466","187","1250"
"Bhutan"," 2004","118","515","58","79","136","71","464","143","1197"
"Bolivia (Plurinational State of)"," 2011","4771","10139","1130","660","792","76","","1747","9269"
"Bolivia (Plurinational State of)"," 2010","4406","8366","976","567","667","47","","1300","4349"
"Bolivia (Plurinational State of)"," 2007","3170","5815","598","331","442","36","","847","3015"
"Bolivia (Plurinational State of)"," 2001","10329","18091","5997","4670","540","","1006","4978","8107"
"Bosnia and Herzegovina"," 2013","7211","20903","809","429","","","","386",""
"Bosnia and Herzegovina"," 2012","7026","21241","875","422","","","","377",""
"Bosnia and Herzegovina"," 2011","6881","20534","808","392","","","","335",""
"Bosnia and Herzegovina"," 2010","6665","20331","797","371","","","","315",""
"Bosnia and Herzegovina"," 2009","6493","19836","680","364","","","","294",""
"Botswana"," 2009","693","5816","145","365","461","5","166","3129","7200"
"Botswana"," 2008","665","5616","98","239","372","4","450","2867","6467"
"Botswana"," 2006","591","5006","","","","","920","",""
"Botswana"," 2005","466","4468","","","","","920","",""
"Botswana"," 2004","715","4753","38","333","277","172","","829",""
"Botswana"," 2003","526","4450","","","","","867","",""
"Botswana"," 2002","536","4146","","","","","862","",""
"Botswana"," 2001","510","3994","","","","","821","",""
"Botswana"," 2000","499","4319","","","","","1269","",""
"Botswana"," 1999","507","4992","","","","","775","",""
"Botswana"," 1998","424","4265","","","","","742","",""
"Brazil"," 2013","378354","1520533","","","","","","",""
"Brazil"," 2011","365231","","","","","","","",""
"Brazil"," 2010","355006","1446403","242266","142841","","","","70955",""
"Brazil"," 2009","352318","","231399","","","","","63331",""
"Brazil"," 2008","341849","1243804","227141","104098","","","","214858",""
"Brazil"," 2007","329041","1243804","219827","104098","","","","37660",""
"Brazil"," 2006","320013","710748","217217","104098","","","","37374",""
"Brazil"," 2005","310138","703813","207904","99696","","","","29119",""
"Brazil"," 2004","292014","686089","178025","","","","","27644",""
"Brazil"," 2003","268169","665342","170953","","","","","27356",""
"Brazil"," 2002","254604","606291","163192","","","","","25331",""
"Brazil"," 2001","246219","529765","154426","66727","","","","26590",""
"Brazil"," 2000","198153","659111","190448","51317","89677","167080","","191518","839376"
"Brazil"," 1999","236668","438004","145441","","","","","26427",""
"Brazil"," 1998","216632","386158","138311","","","","","25426",""
"Brazil"," 1997","215875","343691","102714","56117","","","","23549",""
"Brazil"," 1996","206675","303618","","","","","","",""
"Brazil"," 1995","198479","255376","","","","","","",""
"Brazil"," 1994","190554","225860","","","","","","",""
"Brazil"," 1993","183068","198293","","","","","","",""
"Brazil"," 1992","175848","176648","","","","","","",""
"Brazil"," 1991","150879","481746","101326","22698","20815","","","161817",""
"Brazil"," 1990","161880","141480","","","","","","",""
"Brunei Darussalam"," 2012","596","3323","174","167","292","48","","182",""
"Brunei Darussalam"," 2011","608","3138","95","48","322","","","117",""
"Brunei Darussalam"," 2010","563","2907","86","43","","","","",""
"Brunei Darussalam"," 2009","445","1966","72","42","","","","",""
"Brunei Darussalam"," 2008","564","1941","82","45","","","","",""
"Brunei Darussalam"," 2007","393","1915","81","42","","","","27",""
"Brunei Darussalam"," 2006","399","1970","75","41","","","","",""
"Brunei Darussalam"," 2005","390","2006","73","41","","","","",""
"Brunei Darussalam"," 2004","463","1925","68","41","","","","",""
"Brunei Darussalam"," 2002","400","2120","70","30","","","","",""
"Brunei Darussalam"," 2000","336","1296","48","90","","","","",""
"Bulgaria"," 2012","28599","35350","6750","","","","","",""
"Bulgaria"," 2010","27997","","6355","","","","","",""
"Bulgaria"," 2001","","","","1020","","","","",""
"Burkina Faso"," 2010","713","8645","32","339","584","","1976","2618",""
"Burkina Faso"," 2008","921","10539","","347","510","","","",""
"Burkina Faso"," 2006","384","5785","28","","353","36","1238","1577","128"
"Burkina Faso"," 2004","708","6557","58","343","418","46","1291","1870","210"
"Burundi"," 2011","","","","172","","","","",""
"Burundi"," 2004","200","1348","14","76","147","","657","1186","2087"
"Cote d'Ivoire"," 2008","2746","9231","274","413","","1419","","3140","2561"
"Cote d'Ivoire"," 2005","1698","8988","204","128","","","","4239","2420"
"Cote d'Ivoire"," 2004","2081","10180","339","1015","1165","155","","172","2107"
"Cabo Verde"," 2011","153","279","3","5","52","1","","34","16"
"Cabo Verde"," 2010","167","257","4","4","62","","","25","2"
"Cabo Verde"," 2009","130","254","3","4","49","","","28","2"
"Cabo Verde"," 2008","139","244","3","3","53","","","33","2"
"Cabo Verde"," 2007","136","252","3","3","48","","","26","2"
"Cabo Verde"," 2006","121","252","3","4","47","","","29","2"
"Cabo Verde"," 2004","231","410","11","43","78","9","65","42","74"
"Cambodia"," 2012","2440","11454","284","566","553","","","901","1015"
"Cambodia"," 2011","3291","12699","292","","","","","663",""
"Cambodia"," 2010","3294","12251","242","548","","","","659",""
"Cambodia"," 2009","3351","12042","245","547","","","","518",""
"Cambodia"," 2008","3393","11736","258","569","","","","518",""
"Cambodia"," 2004","","","","","","","1638","",""
"Cambodia"," 2000","2047","11125","209","564","","","","",""
"Cambodia"," 1998","1711","11689","211","616","609","","","1757",""
"Cambodia"," 1996","1247","11630","189","496","521","","","1511",""
"Cameroon"," 2009","1346","7626","32","27","","","","8047","22"
"Cameroon"," 2007","1319","8226","39","38","","","","6154","11"
"Cameroon"," 2005","1049","6705","26","27","","","","2499","11"
"Cameroon"," 2004","3124","26042","147","700","1793","28","","16","5902"
"Canada"," 2012","","","","35555","","","","",""
"Canada"," 2011","","319026","","","","","","17653",""
"Canada"," 2010","69648","318565","","25597","18498","","","16885",""
"Canada"," 2009","","350547","","30553","37834","","","30434",""
"Canada"," 2008","65440","343699","41798","29010","37667","1245","","107678","3929"
"Canada"," 2007","","334187","","28495","19813","","","28716",""
"Canada"," 2006","62307","327224","38310","27078","36627","1375","","110390","3216"
"Canada"," 2005","","321159","","","20103","","","",""
"Canada"," 2004","60612","316512","35834","28537","35379","1205","","103097","2461"
"Canada"," 2003","","309576","","20765","19092","","","",""
"Canada"," 2002","59412","296630","34095","26346","33306","1131","","91893","2406"
"Canada"," 2001","58546","310604","33184","25643","32805","1081","","87757","2412"
"Canada"," 2000","","","","","17789","","","",""
"Canada"," 1998","56163","307352","30699","23164","31951","","","70415","2835"
"Central African Republic"," 2009","205","1097","12","12","40","227","1713","287","37"
"Central African Republic"," 2008","173","835","5","10","32","84","1746","291","33"
"Central African Republic"," 2004","331","1613","13","17","48","55","211","461","167"
"Chad"," 2006","368","1891","","","","","","",""
"Chad"," 2004","345","2499","15","37","317","230","268","153","1502"
"Chad"," 2000","235","1041","","","","","","",""
"Chad"," 1999","232","480","","","","","","",""
"Chad"," 1998","156","436","","","","","","",""
"Chad"," 1997","195","359","","","","","","",""
"Chile"," 2009","17382","2443","15","39","29","","","10218",""
"Chile"," 2008","17358","2444","14","39","29","","","10213",""
"Chile"," 2007","17134","2328","14","39","29","","","8243",""
"Chile"," 2006","17016","2330","14","38","29","","","8119",""
"Chile"," 2005","15865","2103","12","36","28","","","6253",""
"Chile"," 2004","15762","2087","12","36","29","","","6119",""
"Chile"," 2003","15003","2057","13","36","31","","","5394",""
"Chile"," 2002","13992","1784","9","35","31","","","4160",""
"Chile"," 1992","13650","61620","10560","5090","","350","280","40280",""
"China"," 2011","2020154","2244020","","363993","","","1126443","2466094","980758"
"China"," 2010","1972840","2048071","","353916","230572","","1091863","730580","949320"
"China"," 2009","1905436","1854818","","341910","220695","","1113331","1487271","920327"
"China"," 2008","","1678091","","330525","","","938313","2201904","883863"
"China"," 2007","","1558822","","325212","","","931761","2122925","875982"
"China"," 2006","","1426339","","353565","","","957459","2099064","759909"
"China"," 2005","","1349589","51012","349533","","","916532","2042135","740967"
"China"," 2004","","1308433","","355451","","","883075","1999457","754259"
"China"," 2003","","1265959","","","","","867778","","450292"
"China"," 2002","1463573","1246545","","357659","","","","1843995","788338"
"China"," 2001","1364000","1400000","136520","359000","203000","","109000","1061000","1077000"
"China"," 2000","1603266","1266838","","414408","","","1319357","2075843","942690"
"China"," 1999","1561584","1244844","","418574","","","1324937","2044672","961338"
"China"," 1998","1513975","1218836","","423644","","","1327633","1999521","966901"
"China"," 1997","1505342","1198228","","428295","","","1317786","1984867","985002"
"China"," 1996","1475232","1162609","","424952","","","1316095","1941235","981677"
"China"," 1995","1454926","1125661","","418520","","","1331017","2038554","995673"
"China"," 1990","1302997","974541","","405978","","","1231510","1763086","922776"
"China"," 1985","724238","636974","","365145","","","1293094","1413281","856049"
"China"," 1980","709473","465798","","308438","","","3820776","1153234","708632"
"China"," 1978","609608","405223","","266570","","","4777469","978152","618691"
"Colombia"," 2010","71980","30119","44858","","","","","",""
"Colombia"," 2009","70115","29246","43325","","","","","",""
"Colombia"," 2008","68278","28382","41809","","","","","",""
"Colombia"," 2007","66447","27527","40311","","","","","",""
"Colombia"," 2006","64624","26681","38832","","","","","",""
"Colombia"," 2005","62807","25845","37371","","","","","",""
"Colombia"," 2004","","25019","35928","","","","","",""
"Colombia"," 2003","","24202","34504","","","","","",""
"Colombia"," 2002","58761","23940","33951","","","","","",""
"Colombia"," 2001","","22598","31712","","","","","",""
"Colombia"," 2000","","","30344","","","","","",""
"Colombia"," 1999","51776","20944","28892","","","","","",""
"Colombia"," 1998","49737","19992","27523","","","","","",""
"Colombia"," 1997","47651","18800","26115","","","","","",""
"Colombia"," 1996","45627","18181","24486","","","","","",""
"Colombia"," 1995","","17461","22991","","","","","",""
"Colombia"," 1994","41991","16738","21637","","","","","",""
"Colombia"," 1993","40245","16005","20606","","","","","",""
"Colombia"," 1992","38062","15344","19492","","","","","",""
"Colombia"," 1991","35826","14693","18192","","","","","",""
"Colombia"," 1990","33582","14019","16795","","","","","",""
"Colombia"," 1989","31646","13127","15655","","","","","",""
"Colombia"," 1988","29492","12281","14188","","","","","",""
"Colombia"," 1987","27688","11389","12773","","","","","",""
"Colombia"," 1986","25641","10815","11628","","","","","",""
"Colombia"," 1985","23481","10131","10575","","","","","",""
"Colombia"," 1984","21709","9345","9635","","","","","",""
"Colombia"," 1966","","","2300","","","","","",""
"Comoros"," 2004","115","588","29","41","63","17","41","10","271"
"Congo"," 2007","401","3492","","63","365","19","","313","2617"
"Congo"," 2006","782","5251","","111","516","1027","","2662","1036"
"Congo"," 2004","756","3672","12","99","554","9","124","957","987"
"Congo"," 1998","2155","27162","100","254","428","","","431","522"
"Cook Islands"," 2009","24","116","19","8","9","23","9","74","18"
"Cook Islands"," 2004","20","80","10","2","","","","",""
"Cook Islands"," 2001","14","52","10","2","","","","",""
"Costa Rica"," 2013","5411","3745","599","891","624","","","237","638"
"Costa Rica"," 2011","","","","3779","","","","",""
"Costa Rica"," 2000","5204","3653","1905","2101","","1266","","12450","18406"
"Croatia"," 2012","","","","3070","","","","",""
"Croatia"," 1999","8046","","","1502","","","","",""
"Croatia"," 1998","8600","","","1550","","","","",""
"Croatia"," 1997","9315","","","1611","","","","",""
"Croatia"," 1996","9423","","","1588","","","","",""
"Croatia"," 1995","9090","","","1544","","","","",""
"Croatia"," 1994","9138","","","1598","","","","",""
"Croatia"," 1993","9280","","","1701","","","","",""
"Croatia"," 1992","9446","","","1747","","","","",""
"Croatia"," 1991","9303","","","1729","","","","",""
"Croatia"," 1990","10152","","","1857","","","","",""
"Croatia"," 1989","10173","","","1886","","","","",""
"Croatia"," 1988","9955","","","1888","","","","",""
"Croatia"," 1987","9792","","","1850","","","","",""
"Croatia"," 1986","9522","","","1820","","","","",""
"Cuba"," 2010","76506","103014","12144","4656","10068","2794","","60763","2153"
"Cuba"," 2009","74880","","11572","","","","","",""
"Cuba"," 2008","74552","","11234","","","","","",""
"Cuba"," 2007","72416","97800","10887","7047","10796","3419","","96433",""
"Cuba"," 2006","71489","","10751","","","","","",""
"Cuba"," 2005","70594","","10554","","","","","",""
"Cuba"," 2004","69713","","10452","","","","","",""
"Cuba"," 2003","68017","","10167","","","","","",""
"Cuba"," 2002","67079","83880","9955","","","","","",""
"Cuba"," 2001","66325","","9877","","","","","",""
"Cuba"," 2000","65997","","9917","","","","","",""
"Cuba"," 1999","64863","","9918","","","","","",""
"Cuba"," 1998","63483","","9873","","","","","",""
"Cuba"," 1997","62624","","9816","","","","","",""
"Cuba"," 1996","60129","","9600","","","","","",""
"Cuba"," 1995","56836","","9148","","","","","",""
"Cuba"," 1994","54065","","8834","","","","","",""
"Cuba"," 1993","51045","","8531","","","","","",""
"Cuba"," 1992","46860","","8057","","","","","",""
"Cuba"," 1991","42634","","7515","","","","","",""
"Cuba"," 1990","38690","","6959","","","","","",""
"Cuba"," 1985","22910","","5335","","","","","",""
"Cuba"," 1980","15247","","3646","","","","","",""
"Cuba"," 1975","9328","","2319","","","","","",""
"Cyprus"," 2012","2630","","816","195","","","","",""
"Cyprus"," 2010","2442","3930","772","","","","","1031",""
"Cyprus"," 2009","2313","3806","757","","","","","1032",""
"Cyprus"," 2008","2218","3710","792","210","449","95","","210","6"
"Cyprus"," 2007","2143","3612","723","","","","","",""
"Cyprus"," 2006","","","","","365","88","","185","5"
"Cyprus"," 2002","","2994","","144","","","","",""
"Cyprus"," 2000","","","","","","","","556",""
"Cyprus"," 1995","1607","2821","543","","","","","544",""
"Cyprus"," 1990","1199","2478","428","","","","","451",""
"Cyprus"," 1985","846","2155","301","","","","","359",""
"Cyprus"," 1980","560","1707","182","","","","","324",""
"Cyprus"," 1976","478","1445","161","","","","","319",""
"Cyprus"," 1970","512","1252","176","","","","","",""
"Cyprus"," 1965","448","927","173","","","","","",""
"Cyprus"," 1960","391","746","143","","","","","151",""
"Czech Republic"," 2012","","","","8041","","","","",""
"Czech Republic"," 2003","35960","","6737","5610","","","","",""
"Democratic People's Republic of Korea"," 2003","74597","93414","8315","13497","950","2685","","67957",""
"Democratic Republic of the Congo"," 2012","","","","308","","","","",""
"Democratic Republic of the Congo"," 2004","5827","28789","159","1200","512","","","1042","15013"
"Denmark"," 2010","19173","92351","4333","","","","","8104",""
"Denmark"," 2009","18797","88335","4438","","","","","7812",""
"Denmark"," 2008","18657","85042","4617","","","","","7412",""
"Denmark"," 2005","","81219","4634","","","","","6480",""
"Denmark"," 2004","16439","78349","4616","","","","","5328",""
"Denmark"," 2003","16152","80029","4578","","","","","5043",""
"Denmark"," 2002","15653","","4437","","","","","",""
"Denmark"," 2001","19600","92098","4834","","","","","7059",""
"Denmark"," 2000","","1351","","","","","","6871",""
"Denmark"," 1999","","75922","","","","","","5000",""
"Denmark"," 1998","","42204","","","","","","",""
"Denmark"," 1997","15389","74884","4629","","","","","4600",""
"Denmark"," 1996","","37934","","","","","","",""
"Denmark"," 1994","15102","74693","4579","","","","","4500",""
"Djibouti"," 2008","","666","99","266","","","","",""
"Djibouti"," 2006","185","322","96","16","","","","",""
"Djibouti"," 2005","140","450","60","41","84","20","","162","232"
"Djibouti"," 2004","129","296","10","18","84","","23","159","232"
"Djibouti"," 2002","","550","","","","","","",""
"Djibouti"," 1999","93","493","6","8","","","","55",""
"Dominica"," 2001","124","438","21","18","","65","","158",""
"Dominica"," 1997","38","317","4","","","","","",""
"Dominican Republic"," 2011","14983","13374","1910","","","","","1106",""
"Dominican Republic"," 2009","","12686","1785","","","","","939",""
"Dominican Republic"," 2008","10385","7603","1205","","","","","834",""
"Dominican Republic"," 2000","15670","15352","7000","3330","","","","",""
"Ecuador"," 2011","25277","31635","4183","810","","","","13105","22184"
"Ecuador"," 2009","23614","27764","3363","664","","","","12286","19869"
"Ecuador"," 2003","20020","20372","2213","497","","","","10512","13746"
"Ecuador"," 2002","20592","21389","2230","494","","","","11234","14892"
"Ecuador"," 2001","19939","20447","2118","487","","","","10551","14471"
"Ecuador"," 2000","18335","20586","2062","487","","","","10660","14613"
"Ecuador"," 1999","17075","20567","1997","428","","","","10727","14977"
"Ecuador"," 1998","16016","19920","1892","385","","","","10511","15031"
"Ecuador"," 1997","15866","20400","1894","354","","","","10458","14539"
"Ecuador"," 1996","15388","19889","1815","327","","","","9888","13960"
"Ecuador"," 1995","14271","18369","1751","","","","","431","3779"
"Ecuador"," 1994","14271","18369","1751","269","","","","9277","13587"
"Ecuador"," 1993","12149","15814","1542","263","","","","8678","11089"
"Ecuador"," 1992","12853","18087","1826","265","","","","9196","13272"
"Ecuador"," 1991","12205","17439","1657","257","","","","8926","12773"
"Ecuador"," 1990","9785","16353","1517","229","","","","8193","12149"
"Ecuador"," 1989","10403","15963","1459","222","","","","8161","11656"
"Ecuador"," 1988","10719","15740","1386","222","","","","8156","11386"
"Ecuador"," 1987","9901","15244","1269","213","","","","7748","10266"
"Ecuador"," 1986","8742","13516","1152","157","","","","6938","9630"
"Ecuador"," 1985","9414","14060","1171","184","","","","6967","9847"
"Ecuador"," 1984","8742","13516","1152","157","","","","6938","9630"
"Ecuador"," 1983","7750","12226","1146","172","","","","6362","9092"
"Ecuador"," 1982","7228","11578","1129","139","","","","6166","8705"
"Ecuador"," 1981","6545","11249","992","130","","","","5996","7896"
"Egypt"," 2009","225565","280561","33476","133107","","","","",""
"Egypt"," 2007","202123","223642","29972","116048","","","","",""
"Egypt"," 2005","179900","248010","25170","92540","","","","",""
"Egypt"," 2004","","146761","9917","7119","20011","9531","","3694","5167"
"Egypt"," 2003","38485","","","","","","","",""
"El Salvador"," 2008","11542","2929","4669","2316","2186","","","5504",""
"El Salvador"," 2005","10355","2084","4255","2280","1746","","","4252",""
"El Salvador"," 2002","7938","5103","3465","","","","","",""
"El Salvador"," 1999","7268","3935","2962","1623","902","","","2074",""
"Equatorial Guinea"," 2004","153","271","15","121","84","18","1275","","74"
"Eritrea"," 2004","215","2505","16","107","248","88","","56","765"
"Estonia"," 2012","4343","8545","1196","847","","","","",""
"Estonia"," 2010","4376","8589","1218","1462","","","","10504",""
"Estonia"," 2000","6118","12087","1747","580","","115","44","5795","10859"
"Ethiopia"," 2009","2152","21488","","2661","2992","1246","30950","4825",""
"Ethiopia"," 2008","2085","16765","","3426","3060","1657","24571","3381",""
"Ethiopia"," 2007","1806","18146","","1201","","1109","17653","4304",""
"Ethiopia"," 2006","2115","17845","","1974","2218","1239","","7152",""
"Ethiopia"," 2005","2453","18809","","1619","3328","1312","","7139",""
"Ethiopia"," 2004","1996","15543","","1343","2703","1169","15752","7311",""
"Ethiopia"," 2003","1936","15544","93","1343","2703","1347","18652","7354",""
"Fiji"," 2009","372","1957","171","76","181","118","","124","264"
"Fiji"," 2008","337","1784","","","","","","",""
"Fiji"," 2003","380","1660","60","90","","","","",""
"Fiji"," 1999","271","1576","32","","","","","",""
"Finland"," 2011","","58484","3905","5965","","","","",""
"Finland"," 2009","15384","126869","4014","","","","","9380",""
"Finland"," 2002","16446","78402","6674","5829","10119","","","19202",""
"France"," 2013","203490","20752","42051","69489","","","","",""
"France"," 2011","213442","587099","40599","72811","","","","194295",""
"France"," 2008","","494895","41422","72160","","","","156151",""
"France"," 2007","227683","500863","42508","70498","","","","155918",""
"France"," 2006","","486006","","","","","","147163",""
"France"," 2005","","469036","","","","","","142143",""
"France"," 2004","","453659","","","","","","136682",""
"France"," 2003","","439115","40648","63909","","","","131541",""
"France"," 2002","","425981","40481","62054","","","","126855",""
"France"," 2001","","412231","40426","60366","","","","122529",""
"France"," 2000","","397279","40539","58407","","","","117855",""
"France"," 1999","","381047","40088","56195","","","","113382",""
"France"," 1998","","","39457","58839","","","","",""
"France"," 1997","","","39471","55137","","","","",""
"France"," 1996","188500","356316","39565","55153","","","","",""
"France"," 1995","","","39714","53810","","","","",""
"France"," 1994","","11957","39284","53085","","","","",""
"France"," 1993","","","38868","52673","","","","",""
"France"," 1992","","","38451","51613","","","","",""
"France"," 1991","175500","319013","38146","50989","","","","",""
"Gabon"," 2004","395","6778","66","63","276","150","","197","144"
"Gabon"," 1999","","","","34","","","","",""
"Gabon"," 1998","","","","34","","","","",""
"Gabon"," 1997","","","","32","","","","",""
"Gabon"," 1996","","","","27","","","","",""
"Gabon"," 1995","321","","","23","","","","",""
"Gabon"," 1994","277","","","25","","","","",""
"Gabon"," 1993","225","","","26","","","","",""
"Gabon"," 1991","189","","","","","","","",""
"Gambia"," 2008","175","1411","47","75","114","79","1150","1610","284"
"Gambia"," 2007","159","1263","46","57","95","59","1156","1591","285"
"Gambia"," 2006","175","753","10","11","62","48","","","210"
"Gambia"," 2005","166","732","10","11","57","46","","","204"
"Gambia"," 2004","166","695","","15","40","44","","","205"
"Gambia"," 2003","156","1881","43","48","99","33","968","3","391"
"Georgia"," 2013","18278","594","","","","","","",""
"Georgia"," 2009","20609","13925","","","","","","10617",""
"Georgia"," 2008","20253","14396","","","","","","11031",""
"Germany"," 2012","318887","","66157","50456","","","","",""
"Germany"," 2003","277885","801677","64609","","","","","",""
"Ghana"," 2010","2325","22507","","","","","","",""
"Ghana"," 2009","2033","24974","","","","","","",""
"Ghana"," 2008","2587","22834","148","1673","286","35","4502","602","249"
"Ghana"," 2007","1665","15677","44","1038","","","","2836","21205"
"Ghana"," 2004","3240","19707","393","1388","899","","","7132","19151"
"Greece"," 2001","47944","1916","12394","","","","","",""
"Greece"," 2000","","42129","","8977","","","","",""
"Grenada"," 2011","","","","89","","","","",""
"Grenada"," 2006","69","398","19","21","","73","","394",""
"Grenada"," 2003","58","366","13","22","20","15","45","7","4"
"Grenada"," 2002","58","366","13","22","20","15","45","7","4"
"Grenada"," 2001","58","366","13","22","20","15","45","7","4"
"Grenada"," 2000","58","366","14","22","20","13","45","7","4"
"Grenada"," 1999","59","394","14","22","20","15","45","7","4"
"Grenada"," 1998","","326","","69","","","40","",""
"Grenada"," 1997","41","303","7","","","","","",""
"Guatemala"," 2009","12940","12452","","","","","","",""
"Guatemala"," 2007","","","2376","","","","","",""
"Guatemala"," 1999","9965","","2046","","","","","",""
"Guinea"," 2005","940","401","33","199","252","67","170","4289","470"
"Guinea"," 2004","987","4408","60","530","268","135","93","430","511"
"Guinea"," 2000","764","3805","38","199","331","199","","565","443"
"Guinea-Bissau"," 2009","124","1042","13","21","207","7","","1526",""
"Guinea-Bissau"," 2008","78","953","6","38","203","58","","37","658"
"Guinea-Bissau"," 2004","188","1072","22","40","230","13","4486","61","38"
"Guyana"," 2010","161","399","","","","","245","77",""
"Guyana"," 2009","161","989","46","87","78","","245","105",""
"Guyana"," 2000","366","1738","30","","","","","",""
"Haiti"," 1998","1949","834","94","","","","","",""
"Honduras"," 2005","2680","7796","","","","1079","","3056","5534"
"Honduras"," 2000","3676","8528","1371","926","","215","","2936",""
"Hungary"," 2012","30641","64458","5609","5683","","","","",""
"Hungary"," 2010","33943","","","","","","","",""
"Hungary"," 2009","35196","","","","","","","",""
"Hungary"," 2008","36088","","","","","","","",""
"Hungary"," 2007","32202","","","","","","","",""
"Hungary"," 2006","35272","","","","","","","",""
"Hungary"," 2005","32563","","","","","","","",""
"Hungary"," 2004","38877","","","","","","","",""
"Hungary"," 2003","38241","87381","5364","5125","","","","",""
"Hungary"," 2002","37295","","","","","","","",""
"Hungary"," 1999","36386","","","","","","","",""
"Hungary"," 1998","36143","","","","","","","",""
"Hungary"," 1997","35477","","","","","","","",""
"Hungary"," 1996","35026","","","","","","","",""
"Hungary"," 1995","34634","","","","","","","",""
"Hungary"," 1994","34622","","","","","","","",""
"Hungary"," 1993","34093","","","","","","","",""
"Hungary"," 1992","34546","","","","","","","",""
"Hungary"," 1991","33859","","","","","","","",""
"Hungary"," 1990","32883","","","","","","","",""
"Iceland"," 2012","1141","5119","270","358","","","","",""
"Iceland"," 2011","1121","3043","298","619","","54","","",""
"Iceland"," 2010","1146","4875","313","595","423","54","","1061",""
"Iceland"," 2009","1167","5121","308","583","412","53","","1017",""
"Iceland"," 2008","1158","4976","319","581","403","55","","990",""
"Iceland"," 2007","1127","4606","313","412","394","52","","919",""
"Iceland"," 2006","1093","4407","305","396","388","53","","590",""
"Iceland"," 2005","1070","4378","314","388","392","52","","576",""
"Iceland"," 2004","1056","4223","287","381","387","","","557",""
"Iceland"," 2003","1047","4164","288","376","","","","",""
"Iceland"," 2002","1029","4024","288","374","375","","","123",""
"Iceland"," 2001","990","3964","285","347","377","","","625",""
"Iceland"," 2000","968","3934","283","334","379","","","581",""
"India"," 2012","883812","","120897","630766","","","","",""
"India"," 2011","922177","2124667","117825","657230","","","","628634",""
"India"," 2010","816629","1894968","","656101","","","","712121",""
"India"," 2009","757377","1702555","104603","655801","","","","752254",""
"India"," 2008","736743","1652161","93332","","","","","754985",""
"India"," 2007","708000","1572363","73057","","","","","725568",""
"India"," 2006","682000","","78096","578179","","","","713684",""
"India"," 2005","660801","1481270","55344","","","","","717860",""
"India"," 2004","645825","1422452","55058","","","","","699883",""
"India"," 2003","625400","1382901","47318","559408","","","","1796509",""
"India"," 2002","607000","","47165","","","","","",""
"India"," 2001","577100","1270299","47204","","","","","",""
"India"," 2000","555600","1231322","39105","","","","","",""
"India"," 1991","1088048","334570","19382","210502","15886","42079","","1328343",""
"Indonesia"," 2012","49853","338501","24147","25502","","44206","","54040","125517"
"Indonesia"," 2010","33736","256625","18454","18022","","21364","","38014","114837"
"Indonesia"," 2009","34544","194399","12673","10778","1829","10384","","10671","60116"
"Indonesia"," 2003","29499","179959","7093","7580","8882","6493","","20981","228095"
"Indonesia"," 1993","11067","","","","","","","",""
"Indonesia"," 1992","","117612","3778","4536","4921","5660","","40298","15421"
"Iran (Islamic Republic of)"," 2011","","","","40000","","","","",""
"Iran (Islamic Republic of)"," 2005","61870","98020","13210","13900","","","","",""
"Iran (Islamic Republic of)"," 2004","60791","96262","13135","14140","20049","10004","25242","84207","149701"
"Iraq"," 2010","19738","","4799","5675","","","","",""
"Ireland"," 2013","12367","","","","","","","",""
"Ireland"," 2011","","","","5303","","","","",""
"Ireland"," 2004","11141","60774","2237","3898","","","","",""
"Israel"," 2012","25733","38133","5367","5967","","","","",""
"Israel"," 1995","25898","43389","10489","4366","","","","9383",""
"Italy"," 2012","229445","","","","","","","",""
"Italy"," 2004","241000","","33000","","","","","",""
"Italy"," 2003","","312377","","66119","","","","",""
"Italy"," 1982","","16523","","","","","","",""
"Jamaica"," 2008","1103","2930","244","172","56","455","727","1144",""
"Jamaica"," 2003","2253","4374","212","","","","","",""
"Japan"," 2012","","1452635","","","","","","",""
"Japan"," 2011","","1495572","","","","","","",""
"Japan"," 2010","295049","1395571","101576","276517","","","","338176",""
"Japan"," 2008","286699","1323459","99426","267751","","","","316696",""
"Japan"," 2006","277927","1260087","97198","252533","","","","301025",""
"Japan"," 2004","270371","1210633","95197","241369","","","","284968",""
"Japan"," 2002","262687","1160032","92874","229744","","","","276070",""
"Japan"," 2000","255792","1103760","90857","217477","","","","269315",""
"Japan"," 1998","248611","1044491","88061","205953","","","","260724",""
"Japan"," 1996","240908","984092","85518","194300","","","","263759",""
"Japan"," 1994","230519","914069","81055","176871","","","","253271",""
"Japan"," 1992","219704","845409","77416","162021","","","","244897",""
"Japan"," 1990","211797","793522","74028","150627","","","","234833",""
"Japan"," 1988","201658","741878","70572","143429","","","","219505",""
"Japan"," 1986","191346","686042","66797","135990","","","","214316",""
"Japan"," 1984","181101","635684","63145","129700","","","","207030",""
"Japan"," 1982","167952","585524","58362","124390","","","","196299",""
"Japan"," 1980","156235","530993","53602","116056","","","","185463",""
"Jordan"," 2012","","","","13840","","","","",""
"Jordan"," 2010","16212","25661","5691","9151","","","","",""
"Jordan"," 2009","14674","24121","4383","8409","","","","",""
"Jordan"," 2008","14576","19386","5094","7715","","","","",""
"Jordan"," 2007","15279","18876","4891","8087","","","","",""
"Jordan"," 2006","13727","19814","4597","6722","","","","",""
"Jordan"," 2005","12909","17428","4194","7100","","","","",""
"Jordan"," 2004","11398","18196","7270","17654","5630","1412","1000","6569","25494"
"Jordan"," 2003","12375","16187","3472","6333","","","","",""
"Jordan"," 2002","11715","15006","2382","5965","","","","",""
"Jordan"," 2001","10627","15912","2869","4987","","","","",""
"Jordan"," 2000","9575","15568","2885","4329","","","","",""
"Jordan"," 1999","9686","14678","2710","3826","","","","",""
"Jordan"," 1998","4889","13890","2501","3600","","","","",""
"Kazakhstan"," 2013","59872","136640","6406","13828","","","","698",""
"Kazakhstan"," 2012","58690","135091","6920","13540","","","","593",""
"Kazakhstan"," 2011","58730","130613","6532","13207","","","","589",""
"Kazakhstan"," 2010","57179","125492","6657","11265","","","","566",""
"Kazakhstan"," 2009","54548","122453","5691","12230","","","","460",""
"Kenya"," 2013","8682","37907","1045","2202","","","","",""
"Kenya"," 2012","8092","35148","985","2076","","","","",""
"Kenya"," 2011","7549","32941","930","6500","","","","",""
"Kenya"," 2010","7129","29678","898","3097","","","","",""
"Kenya"," 2009","6897","15948","1004","2921","","","","",""
"Kenya"," 2008","6623","14073","974","2860","","","","",""
"Kenya"," 2004","","16146","","3094","7000","6496","","3186","1797"
"Kenya"," 2002","4506","37113","1340","","","","","4610",""
"Kiribati"," 2010","41","404","","","","","","",""
"Kiribati"," 2009","35","377","","","","","","",""
"Kiribati"," 2008","25","361","18","22","27","13","","54","32"
"Kiribati"," 2006","","","","1","","","","",""
"Kiribati"," 2004","","260","3","2","","","","",""
"Kiribati"," 1998","","191","4","4","","","","",""
"Kuwait"," 2009","5340","13554","1054","888","","","","7530","12311"
"Kuwait"," 2008","4995","12420","961","804","","","","7522","12165"
"Kuwait"," 2007","4711","10832","850","742","","","","7151","12091"
"Kuwait"," 2006","3452","9858","742","716","","","","6600","11722"
"Kuwait"," 2001","","9197","673","722","","","","",""
"Kyrgyzstan"," 2013","10838","34237","981","317","","","","",""
"Kyrgyzstan"," 2011","13313","31396","","","","","","",""
"Kyrgyzstan"," 2010","13349","29703","","","","","","",""
"Kyrgyzstan"," 2009","13135","29311","","","","","","",""
"Kyrgyzstan"," 2008","13062","29024","","","","","","",""
"Lao People's Democratic Republic"," 2012","1160","5581","225","735","460","840","","2356","4281"
"Lao People's Democratic Republic"," 2009","1211","5322","324","","","","","1449",""
"Lao People's Democratic Republic"," 2005","1614","5724","","","","","","1547",""
"Lao People's Democratic Republic"," 2004","2000","5600","","","","","","3800",""
"Lao People's Democratic Republic"," 2000","1517","5453","","","","","","1706",""
"Lao People's Democratic Republic"," 1995","1656","6090","","","","","","2800",""
"Latvia"," 2012","7998","7676","1463","","441","","","1852",""
"Latvia"," 2011","7987","8324","1474","","411","","","1654",""
"Latvia"," 2010","7951","8936","1505","","406","","","1646",""
"Latvia"," 2009","7964","9330","1458","","417","","","1535",""
"Latvia"," 2008","8437","10392","1474","","450","","","1646",""
"Latvia"," 2007","8014","10073","1552","","467","","","1699",""
"Latvia"," 2006","8341","10082","1561","","462","","","1723",""
"Latvia"," 2005","8207","10350","1450","","483","","","1768",""
"Latvia"," 2004","8087","10336","1390","","495","","","1620",""
"Latvia"," 2003","7883","10202","1287","","492","","","1717",""
"Latvia"," 2002","7921","10050","1268","","502","","","1727",""
"Latvia"," 2001","7744","10181","1245","","493","","","1671",""
"Latvia"," 2000","8134","10465","1278","","471","","","1736",""
"Latvia"," 1999","8041","10559","1164","","468","","","1872",""
"Latvia"," 1998","7964","11193","1064","","452","","","1799",""
"Latvia"," 1997","8395","11825","1111","","467","","","1897",""
"Latvia"," 1996","8627","12414","1185","","465","","","2223",""
"Latvia"," 1995","8399","12928","931","","459","","","2030",""
"Latvia"," 1994","8682","13436","939","","475","","","2601",""
"Latvia"," 1993","9349","15600","1016","","506","","","3008",""
"Latvia"," 1992","10701","16633","1174","","540","","","3394",""
"Latvia"," 1991","12203","18050","1349","","603","","","4144",""
"Latvia"," 1990","12505","18629","1376","","623","","","4275",""
"Lebanon"," 2011","13630","11585","6261","6687","","","","",""
"Lebanon"," 2010","11583","8791","5395","5508","","","","",""
"Lebanon"," 2009","13214","8287","4964","4554","","","","",""
"Lebanon"," 2007","11186","6931","4200","4667","","","","",""
"Lebanon"," 2006","11760","","4058","","","","","",""
"Lebanon"," 2005","","4720","","4105","1135","","","1103",""
"Lebanon"," 2004","","","3260","3000","","","","",""
"Lebanon"," 2001","11505","4157","4283","3359","","","","",""
"Lesotho"," 2003","89","1123","16","62","146","55","","35","6"
"Liberia"," 2008","51","978","4","269","115","40","","195","50"
"Liberia"," 2004","103","1035","13","35","218","150","142","540","518"
"Libya"," 2009","12009","42982","3792","2275","","","","",""
"Libya"," 2008","11163","33490","2046","2232","","","","",""
"Libya"," 2004","7070","27160","850","1130","","","","",""
"Libya"," 1997","6371","17779","693","1225","","","","",""
"Lithuania"," 2012","13552","","","2440","","","","",""
"Lithuania"," 2010","12226","","2456","","","","","",""
"Lithuania"," 1999","14578","","2306","","","","","",""
"Lithuania"," 1998","14622","","2259","","","","","",""
"Lithuania"," 1997","14757","","2153","","","","","",""
"Lithuania"," 1996","14763","","1709","","","","","",""
"Lithuania"," 1995","14737","","1742","","","","","",""
"Luxembourg"," 2013","1537","6684","472","","","","","",""
"Luxembourg"," 2003","","","323","","","","","",""
"Madagascar"," 2007","3150","","57","","","","","3857","5175"
"Madagascar"," 2004","5201","5661","410","175","172","130","385","530","6036"
"Malawi"," 2009","265","4812","180","221","514","436","","1941",""
"Malawi"," 2008","257","3896","211","293","473","318","10055","2000","3405"
"Malawi"," 2004","266","7264","","","46","26","","707",""
"Malaysia"," 2011","","","","12402","","","","",""
"Malaysia"," 2010","32979","90199","9995","11077","7019","3209","12226","15510",""
"Malaysia"," 2008","25102","72847","3640","","","","","",""
"Malaysia"," 2007","","","","4571","","","","7948",""
"Malaysia"," 2002","17020","43380","2160","2880","","","","",""
"Malaysia"," 2000","16146","38840","2144","2333","","","","",""
"Maldives"," 2010","525","1868","32","247","328","","805","22",""
"Maldives"," 2009","526","1846","45","206","315","","632","21",""
"Maldives"," 2007","552","1539","","285","298","","785","15",""
"Maldives"," 2004","302","886","14","241","168","","919","14",""
"Maldives"," 1996","173","361","","203","48","48","800","84",""
"Maldives"," 1993","69","188","","138","21","34","944","43",""
"Maldives"," 1991","44","150","","108","17","26","928","39",""
"Maldives"," 1989","39","141","","25","11","21","781","28",""
"Mali"," 2010","1291","6715","103","135","484","468","110","4717","3998"
"Mali"," 2009","1117","6470","119","119","407","251","114","4302","3660"
"Mali"," 2008","724","4383","12","112","","105","","1694","2094"
"Mali"," 2007","1060","2882","","214","","262","1106","1548","2871"
"Mali"," 2004","1053","8338","84","351","264","231","68","377","652"
"Malta"," 2013","1466","3151","197","469","","","","3269",""
"Malta"," 2012","1381","2972","190","454","","","","360",""
"Malta"," 2011","1319","2951","186","335","","","","340",""
"Malta"," 2010","1279","2838","184","301","","","","324",""
"Malta"," 2009","1257","2712","179","229","","","","306",""
"Marshall Islands"," 2010","32","127","","","","","","",""
"Marshall Islands"," 2008","31","177","11","10","35","10","","33","219"
"Marshall Islands"," 2000","24","152","4","2","","","","",""
"Mauritania"," 2009","445","2303","93","123","125","196","975","211","662"
"Mauritania"," 2004","313","1893","64","81","106","","429","48","1056"
"Mauritius"," 2004","1303","4604","233","1428","324","238","236","145","2027"
"Mexico"," 2011","240525","290317","13451","","","","","",""
"Mexico"," 2010","225559","275171","13225","","","","","",""
"Mexico"," 2009","219560","265681","12101","","","","","",""
"Mexico"," 2008","213322","","","","","","","",""
"Mexico"," 2007","206945","","","","","","","",""
"Mexico"," 2006","201882","","","","","","","",""
"Mexico"," 2005","187144","","","","","","","",""
"Mexico"," 2004","303519","417665","148456","79925","","","","",""
"Mexico"," 2000","195897","88678","78281","3189","45482","","","236861","412319"
"Micronesia (Federated States of)"," 2009","20","375","","","","","","",""
"Micronesia (Federated States of)"," 2008","64","280","40","16","49","433","31","101","43"
"Micronesia (Federated States of)"," 2005","62","249","13","16","","","","",""
"Micronesia (Federated States of)"," 2003","60","250","10","20","","","","",""
"Micronesia (Federated States of)"," 2000","64","417","14","","","","","",""
"Monaco"," 2012","254","","37","96","","","","",""
"Monaco"," 2011","250","610","38","93","","","","514",""
"Mongolia"," 2011","7943","10143","652","1284","","","","",""
"Mongolia"," 2010","7497","9876","533","1176","","","437","1249",""
"Mongolia"," 2009","7140","9685","528","1088","","","328","1219",""
"Mongolia"," 2008","7584","9605","513","1088","","","61","1177",""
"Mongolia"," 2002","6732","8826","337","1093","","85","","7147",""
"Montenegro"," 2013","1338","3428","25","105","","","","",""
"Montenegro"," 2012","1267","3330","25","93","","","","",""
"Montenegro"," 2011","1251","3319","24","92","","","","",""
"Montenegro"," 2010","1268","3410","26","91","","","","",""
"Montenegro"," 2009","1302","3615","32","92","","","","",""
"Morocco"," 2009","20682","29689","2668","9006","","","","",""
"Morocco"," 2007","18269","","","","","","","",""
"Morocco"," 2004","15991","24328","3091","7366","1470","737","","1123","9500"
"Mozambique"," 2012","971","10081","","1387","1420","","","","344"
"Mozambique"," 2011","911","9463","","1267","1309","","","","360"
"Mozambique"," 2010","811","8816","","1196","1180","","","","405"
"Mozambique"," 2008","548","7131","","817","665","","","2660","333"
"Mozambique"," 2006","548","6214","","817","800","","","2525","333"
"Mozambique"," 2004","514","6183","159","618","941","564","","1659","9491"
"Myanmar"," 2012","29832","48871","3355","","","2527","10251","",""
"Myanmar"," 2011","28077","46972","3086","","","2330","10123","1893",""
"Myanmar"," 2010","26435","45200","2849","","","2621","9971","1899",""
"Myanmar"," 2009","24536","43293","2570","","","2174","9905","1845",""
"Myanmar"," 2008","23709","41424","2549","","","2013","4197","1822",""
"Myanmar"," 2007","21799","40125","2044","","","1973","4142","1788",""
"Myanmar"," 2006","20501","38778","1897","","","1923","4026","1778",""
"Myanmar"," 2005","18584","36521","1756","","","1888","3844","1771",""
"Myanmar"," 2004","17791","49341","1396","127","2241","1757","49531","2077","49661"
"Myanmar"," 1988","12268","16470","953","","","1161","1847","1238",""
"Namibia"," 2007","774","5750","90","376","171","198","","338",""
"Namibia"," 2004","598","6145","113","288","481","240","","597","7782"
"Nauru"," 2010","10","","","","","","","",""
"Nauru"," 2009","10","","3","7","7","10","3","16","15"
"Nauru"," 2008","10","69","1","1","","","14","19",""
"Nauru"," 2004","10","63","1","10","","","","",""
"Nauru"," 1995","16","60","","","","","","",""
"Nepal"," 2012","","","","4200","","","","",""
"Nepal"," 2004","5384","11825","359","358","3209","172","16206","1892",""
"Netherlands"," 2011","","2692","","3446","","","","",""
"Netherlands"," 2008","","138200","","","","","","",""
"Netherlands"," 2003","50854","","7759","3134","","","","",""
"New Zealand"," 2011","","","","4440","","","","",""
"New Zealand"," 2010","11412","","","","","","","",""
"New Zealand"," 2009","11106","","","","","","","",""
"New Zealand"," 2008","10495","","","","","","","",""
"New Zealand"," 2007","9757","44491","1877","2889","","","","",""
"New Zealand"," 2002","8190","","1620","","","","","",""
"New Zealand"," 2001","9027","33249","2586","3495","3696","","","48000",""
"New Zealand"," 2000","","30840","","","","","","",""
"Nicaragua"," 2014","5495","8323","260","","1363","260","","15640",""
"Nicaragua"," 2013","5445","8243","263","","1172","259","","15742",""
"Nicaragua"," 2012","5148","8193","264","","1162","257","","15515",""
"Nicaragua"," 2011","4803","8062","263","","1119","250","","15222",""
"Nicaragua"," 2010","4239","7366","258","","951","245","","13484",""
"Nicaragua"," 2009","4040","7485","265","","1040","241","","13499",""
"Nicaragua"," 2008","3676","7320","266","","960","251","","13852",""
"Nicaragua"," 2007","2943","6610","244","","874","223","","12092",""
"Nicaragua"," 2006","2715","6384","244","","852","224","","11664",""
"Nicaragua"," 2005","2717","6294","246","","849","226","","11396",""
"Nicaragua"," 2003","2045","5862","243","","","","","",""
"Niger"," 2008","288","2115","16","21","294","137","","30","101"
"Niger"," 2004","296","2818","15","20","294","268","","485","241"
"Nigeria"," 2011","","","","17022","","","","",""
"Nigeria"," 2009","58363","","2464","","924","","","7356",""
"Nigeria"," 2008","56526","224943","3781","18682","23523","4280","19268","1473",""
"Nigeria"," 2007","55376","219407","4088","18682","25026","4280","19278","2943","1687"
"Nigeria"," 2006","49612","214288","2241","12503","","","","49","935"
"Nigeria"," 2005","39210","213425","2113","12072","729","3441","","20785","820"
"Nigeria"," 2004","","","","6344","690","","115761","1220",""
"Nigeria"," 2003","34923","210306","2482","","","","","",""
"Niue"," 2008","3","16","4","1","2","5","","7","3"
"Niue"," 2006","4","15","3","1","","","","",""
"Niue"," 2004","4","22","2","1","","","","",""
"Niue"," 1996","3","13","2","1","","","","",""
"Norway"," 2012","21238","85661","4340","3367","","","","",""
"Norway"," 2009","19579","150334","4192","","","","","8637",""
"Norway"," 2003","","","","1675","","","","",""
"Oman"," 2012","7055","15627","805","5455","2882","220","","6641","6067"
"Oman"," 2011","6328","14238","726","3050","2692","","","299",""
"Oman"," 2010","5862","12865","654","2784","2465","","","281",""
"Oman"," 2009","5563","12102","623","2488","2227","","","263",""
"Oman"," 2008","5194","11233","557","2222","2048","208","","9202",""
"Oman"," 2007","4908","10394","524","1200","1924","197","","5458","4264"
"Oman"," 2006","4579","9615","496","1833","1808","","","198",""
"Oman"," 2005","4182","9277","448","912","1649","168","","4825","3995"
"Oman"," 2004","3871","10289","544","1551","1049","173","","1256","3898"
"Oman"," 2000","3258","7829","262","688","1244","211","","3506","3562"
"Oman"," 1999","2174","6438","106","522","929","201","","5537",""
"Oman"," 1998","2099","6365","93","489","887","203","","5287",""
"Oman"," 1997","1921","5792","84","452","829","228","","5470",""
"Oman"," 1995","2477","6036","143","367","902","191","","3579","4441"
"Oman"," 1990","1441","4147","84","433","569","","","50",""
"Oman"," 1985","958","2288","53","305","311","","","44",""
"Oman"," 1980","514","1096","23","47","","","","",""
"Oman"," 1975","147","450","6","8","","","","",""
"Oman"," 1970","13","","","","","","","",""
"Pakistan"," 2010","144901","100397","10508","","","","11510","",""
"Pakistan"," 2009","139555","95538","9822","","","","10731","",""
"Pakistan"," 2008","133984","90921","9013","","","","10002","",""
"Pakistan"," 2007","127859","62651","","","","","","",""
"Pakistan"," 2005","126350","47380","","","","","","",""
"Pakistan"," 2004","116298","71764","7862","8102","9744","106","","19082","203337"
"Pakistan"," 2001","96248","62730","4622","","","","5669","",""
"Pakistan"," 2000","91823","60053","4175","","","","5443","",""
"Pakistan"," 1999","87105","58380","3687","","","","5299","",""
"Pakistan"," 1998","82682","55041","3444","","","","4959","",""
"Pakistan"," 1997","78470","50501","3159","","","","4589","",""
"Pakistan"," 1996","74229","46438","2938","","","","4407","",""
"Pakistan"," 1995","69691","42489","2751","","","","4185","",""
"Pakistan"," 1994","66196","41178","2589","","","","4107","",""
"Pakistan"," 1993","63003","38886","2401","","","","3920","",""
"Pakistan"," 1992","60042","37067","2278","","","","3796","",""
"Palau"," 2010","29","120","","","","","","",""
"Palau"," 2009","29","112","","","","","","",""
"Palau"," 2007","","","5","1","","","","",""
"Palau"," 2006","26","118","","","","","","",""
"Palau"," 2004","","120","","","","","","",""
"Palau"," 1998","26","113","24","14","13","8","","7","108"
"Panama"," 2013","6068","5158","1037","","","","","",""
"Panama"," 2012","6025","5138","1232","","","","","",""
"Panama"," 2011","5551","8579","1114","","","","","",""
"Panama"," 2010","5121","9021","1091","","","","","",""
"Panama"," 2009","4686","4317","1032","","","","","",""
"Panama"," 2008","4855","4260","990","","","","","",""
"Panama"," 2007","4501","4087","944","","","","","",""
"Panama"," 2006","4575","6794","953","","","","","",""
"Panama"," 2005","4488","6675","938","","","","","",""
"Panama"," 2004","4321","6509","923","","","","","",""
"Panama"," 2003","4301","7055","868","","","","","",""
"Panama"," 2002","4203","6035","897","","","","","",""
"Panama"," 2001","3843","5689","765","","","","","",""
"Panama"," 2000","4431","8158","2231","2526","","948","","2229","6862"
"Panama"," 1999","3662","3394","796","","","","","",""
"Panama"," 1998","3475","3185","788","","","","","",""
"Panama"," 1997","3434","3153","744","","","","","",""
"Panama"," 1996","3371","3014","734","","","","","",""
"Panama"," 1995","3196","2861","677","","","","","",""
"Panama"," 1994","3021","2752","626","","","","","",""
"Panama"," 1993","3097","2647","574","","","","","",""
"Panama"," 1992","2947","2483","571","","","","","",""
"Panama"," 1991","2831","2458","531","","","","","",""
"Panama"," 1990","2750","2460","506","","","","","",""
"Papua New Guinea"," 2012","","","","354","","","","",""
"Papua New Guinea"," 2010","376","3643","","","","","","4880",""
"Papua New Guinea"," 2009","","","121","","","","","",""
"Papua New Guinea"," 2008","333","2844","46","","","","3883","2261","1821"
"Papua New Guinea"," 2000","275","2841","90","","","","","",""
"Paraguay"," 2012","8203","6689","1054","","1395","","","12462","2785"
"Paraguay"," 2002","6355","10261","3182","1868","","133","","8833",""
"Peru"," 2012","33669","45024","4471","1528","1512","20","","21449","103960"
"Peru"," 2009","27272","37672","3570","1822","1122","15","","22176","85916"
"Peru"," 1999","29799","17108","2809","","","","","",""
"Philippines"," 2011","","","","84000","","","","",""
"Philippines"," 2004","93862","488434","45903","49667","","","","",""
"Philippines"," 2002","90370","480910","43220","46360","","","","",""
"Philippines"," 2000","44287","161558","8564","2482","","","","90788",""
"Poland"," 2012","85025","236006","12491","26843","","","","",""
"Poland"," 2010","79337","206941","12326","25120","9510","","","30078",""
"Poland"," 2003","95272","188898","11451","25397","","","","",""
"Portugal"," 2013","","","8133","","","","","",""
"Portugal"," 2012","43863","65404","7533","10890","","","","",""
"Portugal"," 2011","42796","64478","7366","11887","","","","",""
"Portugal"," 2010","41431","62433","6972","10895","","","","",""
"Portugal"," 2009","40095","59601","6605","11347","","","","",""
"Portugal"," 2008","38932","56709","6033","10729","","","","",""
"Portugal"," 2007","37904","54079","5629","10117","","","","",""
"Portugal"," 2006","36924","50955","5665","10091","","","","",""
"Portugal"," 2005","36138","48155","5056","9494","","","","",""
"Portugal"," 2004","35213","45784","4707","9071","","","","",""
"Portugal"," 2003","34440","43849","4404","8636","","","","",""
"Portugal"," 2002","33751","41799","4134","7962","","","","",""
"Qatar"," 2010","6919","10615","","","","","","",""
"Qatar"," 2009","5126","7595","","","","","","",""
"Qatar"," 2008","4610","8428","","","","","","",""
"Qatar"," 2006","2313","6185","486","1056","709","","","111",""
"Qatar"," 2005","2150","4880","690","1100","","","","",""
"Qatar"," 2001","1310","2917","220","530","","","","",""
"Republic of Korea"," 2012","104114","243402","21888","32560","","","","25475",""
"Republic of Korea"," 2011","101370","236282","21410","33643","","","","24017",""
"Republic of Korea"," 2010","98293","229819","20936","32152","","","","22827",""
"Republic of Korea"," 2009","98434","267171","24639","59717","","","","356108",""
"Republic of Korea"," 2008","95088","255405","23924","58363","","","","338392",""
"Republic of Korea"," 2007","91475","244274","23126","57176","","","","319896",""
"Republic of Korea"," 2006","88214","232353","22267","55845","","","","303282",""
"Republic of Korea"," 2005","85369","222301","21581","54829","","","","287239",""
"Republic of Korea"," 2004","81998","210640","65916","53492","55920","","","171642",""
"Republic of Korea"," 2003","75045","83333","","","","","","",""
"Republic of Korea"," 2000","","","","50623","","","","",""
"Republic of Moldova"," 2013","10432","22358","1751","1901","","","","",""
"Republic of Moldova"," 2011","12914","","","","","","","27445",""
"Republic of Moldova"," 2010","12780","","","","","","","27519",""
"Romania"," 2012","52362","120084","13779","15359","","","","",""
"Romania"," 2002","43093","4014","13205","15121","","1396","","188011",""
"Russian Federation"," 2000","","","","","","72515","","1105861",""
"Rwanda"," 2010","568","6975","122","56","862","125","","2716","1041"
"Rwanda"," 2009","553","6639","149","50","896","132","","2838","1031"
"Rwanda"," 2008","503","6553","124","42","722","98","","2637","925"
"Rwanda"," 2004","432","3647","21","278","39","101","12000","1047","862"
"Saint Kitts and Nevis"," 2001","49","294","15","","","","48","",""
"Saint Kitts and Nevis"," 1999","46","264","14","","","","32","",""
"Saint Kitts and Nevis"," 1998","46","249","12","","","","32","",""
"Saint Kitts and Nevis"," 1997","48","243","10","","","","17","",""
"Saint Kitts and Nevis"," 1996","48","254","11","","","","17","",""
"Saint Kitts and Nevis"," 1995","46","242","11","","","","17","",""
"Saint Kitts and Nevis"," 1994","39","252","10","","","","17","",""
"Saint Kitts and Nevis"," 1993","32","286","9","","","","17","",""
"Saint Kitts and Nevis"," 1992","31","286","9","","","","17","",""
"Saint Kitts and Nevis"," 1991","28","284","7","","","","17","",""
"Saint Kitts and Nevis"," 1990","28","283","12","","","","17","",""
"Saint Lucia"," 2010","","","28","","","","","",""
"Saint Lucia"," 2009","18","","5","","","","","",""
"Saint Lucia"," 2008","27","","2","","","","","",""
"Saint Lucia"," 2007","31","","3","","","","","",""
"Saint Lucia"," 2005","83","326","","","","","","",""
"Saint Lucia"," 2004","68","375","7","","","","","",""
"Saint Lucia"," 2003","75","495","7","","","","","",""
"Saint Lucia"," 2002","70","","7","","","","","",""
"Saint Lucia"," 2001","130","371","27","23","","165","","769",""
"Saint Lucia"," 1999","","331","9","","","","","",""
"Saint Vincent and the Grenadines"," 2001","62","476","21","23","","67","","274",""
"Saint Vincent and the Grenadines"," 2000","89","447","5","","","","45","",""
"Saint Vincent and the Grenadines"," 1997","101","276","6","","","","","",""
"Samoa"," 2008","85","348","63","59","65","27","","56","436"
"Samoa"," 2005","50","173","","3","","","","",""
"Samoa"," 2003","50","310","10","20","","","","",""
"Samoa"," 1999","120","349","","5","","","","",""
"San Marino"," 2013","164","284","","23","","","","170",""
"San Marino"," 2012","164","284","","23","","","","170",""
"San Marino"," 2011","155","264","","23","","","","202",""
"Sao Tome and Principe"," 2004","81","308","11","24","51","19","374","291","288"
"Saudi Arabia"," 2012","71518","139701","","15590","","","","76769",""
"Saudi Arabia"," 2011","69559","134632","","15317","","","","74108",""
"Saudi Arabia"," 2010","66014","129792","","14928","","","","68705",""
"Saudi Arabia"," 2009","55284","110858","","14943","","","","59618",""
"Saudi Arabia"," 2008","53397","101298","","15862","","","","51555",""
"Saudi Arabia"," 2001","14464","","1581","","","","","",""
"Saudi Arabia"," 2000","14950","36495","","863","","","","","10849"
"Senegal"," 2008","741","5254","105","127","254","1212","","2231","3615"
"Senegal"," 2004","594","3287","97","85","66","705","","704","564"
"Serbia"," 2009","20825","","2273","2034","","","","",""
"Seychelles"," 2012","93","419","14","4","","","","970",""
"Seychelles"," 2011","107","490","18","5","","","","755",""
"Seychelles"," 2010","100","412","19","4","","","","844",""
"Seychelles"," 2009","103","436","16","4","","","","996",""
"Seychelles"," 2008","70","407","12","4","","","","1210",""
"Seychelles"," 2007","91","411","16","4","","","","355",""
"Seychelles"," 2006","75","414","15","4","","","","187",""
"Seychelles"," 2005","104","390","10","7","","","","185",""
"Seychelles"," 2004","121","634","94","61","59","77","","35",""
"Sierra Leone"," 2010","136","1017","6","114","14","159","132","857",""
"Sierra Leone"," 2008","95","991","24","192","51","135","132","23","23"
"Sierra Leone"," 2004","168","2510","5","340","","136","558","4",""
"Singapore"," 2013","10339","30533","2149","2186","","","","4671",""
"Singapore"," 2012","9646","29413","1888","1982","","","","4586",""
"Singapore"," 2011","9070","26959","1777","2013","","","","",""
"Singapore"," 2010","8819","29340","1506","1814","","","","2419",""
"Singapore"," 2009","8323","26792","1463","1658","","","","",""
"Singapore"," 2008","7841","24209","1414","1546","","","","",""
"Singapore"," 2007","7384","22332","1354","1483","","","","",""
"Singapore"," 2006","6931","20927","1323","1421","","","","",""
"Singapore"," 2005","6748","20167","1277","1330","","","","",""
"Singapore"," 2004","6492","19329","1227","1288","","","","",""
"Singapore"," 2003","6380","","1190","1280","","","","",""
"Singapore"," 2001","5747","17398","1087","1141","","","","",""
"Singapore"," 1999","5325","15947","942","1043","","","","",""
"Slovakia"," 2012","18193","33243","2665","3522","","","","11458",""
"Slovakia"," 2011","17849","33880","2618","3382","","","","12000",""
"Slovakia"," 2010","18110","34619","2663","3267","","","","11820",""
"Slovakia"," 2009","17798","34477","2633","2917","","","","12218",""
"Slovakia"," 2003","17172","","","","","","","",""
"Solomon Islands"," 2009","118","1080","","","","","","",""
"Solomon Islands"," 2005","89","694","52","53","","","","",""
"Solomon Islands"," 2003","60","630","","","","","","",""
"Solomon Islands"," 1999","54","361","26","28","","","","",""
"Somalia"," 2006","300","965","","50","","","","",""
"Somalia"," 2005","","429","","","183","41","","522","74"
"Somalia"," 1997","310","1486","15","8","","","","",""
"South Africa"," 2013","39541","260698","10175","","7868","3266","","106118",""
"South Africa"," 2012","","248736","","20974","","","","",""
"South Africa"," 2011","38236","238196","9667","18635","7696","3264","","106508",""
"South Africa"," 2010","","231086","","","","","","",""
"South Africa"," 2009","","221817","","","","","","",""
"South Africa"," 2008","","212806","","","","","","",""
"South Africa"," 2007","","203948","","","","","","",""
"South Africa"," 2006","","196914","","","","","","",""
"South Africa"," 2005","","191269","","","","","","",""
"South Africa"," 2004","34829","184459","5995","12521","2002","2529","9160","45638","22859"
"South Africa"," 2003","","177721","","","","","","",""
"South Africa"," 2002","","172869","","","","","","",""
"South Africa"," 2001","","172338","","","","","","",""
"South Africa"," 2000","","171645","","","","","","",""
"South Africa"," 1999","","172893","","","","","","",""
"South Africa"," 1998","","173703","","","","","","",""
"Spain"," 2013","232816","266495","38684","66657","","","","61958",""
"Spain"," 2012","228917","265569","37446","65472","","","","59900",""
"Spain"," 2011","226424","268309","29070","64977","","","","58435",""
"Spain"," 2010","223484","262915","27826","64203","","","","41170",""
"Spain"," 2009","219031","255445","26725","63377","","","","38551",""
"Spain"," 2008","213977","250020","25697","62507","","","","36343",""
"Spain"," 2007","208098","242990","24515","61758","","","","33629",""
"Spain"," 2006","203091","237050","23300","60961","","","","30897",""
"Spain"," 2005","199123","231001","22150","59498","","","","4158",""
"Spain"," 2004","194668","225487","21055","58046","","","","3719",""
"Spain"," 2003","190665","220769","20005","56501","","","","3362",""
"Spain"," 2002","185908","213368","19292","54710","","","","",""
"Spain"," 2001","180417","208551","18507","52641","","","","",""
"Spain"," 2000","179033","204485","17538","50759","","","","",""
"Spain"," 1999","174916","197340","16891","48717","","","","",""
"Spain"," 1998","171494","192598","16133","46761","","","","",""
"Spain"," 1997","168240","181877","15291","44990","","","","",""
"Spain"," 1996","165560","177034","14877","43221","","","","",""
"Spain"," 1995","162650","172132","14012","41387","","","","",""
"Spain"," 1994","162089","167957","13242","40323","","","","",""
"Spain"," 1993","159291","167894","12247","39608","","","","",""
"Spain"," 1992","156100","164891","11808","38715","","","","",""
"Spain"," 1991","153306","161285","11249","37648","","","","",""
"Spain"," 1990","148717","158497","10347","36590","","","","",""
"Spain"," 1989","143803","157194","9433","35141","","","","",""
"Spain"," 1988","138994","152624","7503","33711","","","","",""
"Spain"," 1987","135406","148723","7304","32307","","","","",""
"Spain"," 1986","131080","147462","5722","31118","","","","",""
"Spain"," 1985","127195","143508","5137","30569","","","","",""
"Spain"," 1984","121362","142542","4682","28748","","","","",""
"Spain"," 1983","115251","139846","4458","27646","","","","",""
"Spain"," 1982","104759","136992","4065","26274","","","","",""
"Spain"," 1981","96569","130373","4032","24832","","","","",""
"Spain"," 1980","86253","125313","3946","23299","","","","",""
"Spain"," 1979","81658","111107","3532","21986","","","","",""
"Spain"," 1978","75081","97110","3820","20855","","","","",""
"Spain"," 1977","69080","81743","3785","19871","","","","",""
"Spain"," 1976","64597","","3703","19253","","","","",""
"Spain"," 1975","54533","","3446","18592","","","","",""
"Spain"," 1974","54533","","3664","17926","","","","",""
"Spain"," 1973","51594","","3613","17498","","","","",""
"Spain"," 1972","49256","","3537","16925","","","","",""
"Spain"," 1971","47419","","3534","16550","","","","",""
"Spain"," 1970","45335","","3361","15963","","","","",""
"Spain"," 1969","44102","","3376","15519","","","","",""
"Spain"," 1968","42460","","3226","14552","","","","",""
"Spain"," 1967","41932","","3195","13858","","","","",""
"Spain"," 1966","40840","","3126","13805","","","","",""
"Spain"," 1965","39709","","3005","13494","","","","",""
"Spain"," 1964","39064","","2924","13139","","","","",""
"Spain"," 1963","37743","","2916","12496","","","","",""
"Spain"," 1962","37374","","2893","12548","","","","",""
"Spain"," 1961","36562","","2824","12174","","","","",""
"Spain"," 1960","35685","","2788","11965","","","","",""
"Spain"," 1959","35228","","2783","10254","","","","",""
"Spain"," 1958","34583","","2702","10254","","","","",""
"Spain"," 1957","33337","","2672","10295","","","","",""
"Spain"," 1956","32477","","2566","10295","","","","",""
"Spain"," 1955","32018","","2503","10033","","","","",""
"Spain"," 1954","31618","","2513","10053","","","","",""
"Spain"," 1953","29138","","2463","10007","","","","",""
"Spain"," 1952","28931","","2465","9776","","","","",""
"Sri Lanka"," 2012","","","1224","753","2950","1404","","48852",""
"Sri Lanka"," 2010","14668","35367","1046","","","1398","","1107",""
"Sri Lanka"," 2009","13737","31297","858","","","1475","","1046",""
"Sri Lanka"," 2008","12479","30063","1314","","","1470","","1134",""
"Sri Lanka"," 2007","11023","40678","1743","886","1584","2411","","37480",""
"Sri Lanka"," 2006","10279","32922","1181","","","1535","","1183",""
"Sri Lanka"," 2005","10198","27514","954","","","1512","","1274",""
"Sri Lanka"," 2004","10479","33233","1245","990","1252","1541","","1546","112"
"Sri Lanka"," 2002","","20248","751","","","1401","","1343",""
"Sri Lanka"," 2001","8384","15797","","","","1142","","",""
"Sri Lanka"," 2000","7963","22380","637","","","","","1349",""
"Sri Lanka"," 1999","6994","14052","521","","","888","","1340",""
"Sri Lanka"," 1998","6427","14621","481","","","901","","",""
"Sri Lanka"," 1997","5628","13815","462","","","915","","",""
"Sri Lanka"," 1996","5117","13933","421","","","932","","",""
"Sri Lanka"," 1995","4047","19791","387","","","928","","1357",""
"Sri Lanka"," 1994","3345","17460","","","","846","","1305",""
"Sri Lanka"," 1993","3713","18460","390","568","831","876","","2230",""
"Sri Lanka"," 1992","2934","15394","358","","","914","","1201",""
"Sri Lanka"," 1991","2440","14056","317","","","886","","1074",""
"Sri Lanka"," 1990","","12773","355","","","966","","1100",""
"Sri Lanka"," 1988","2316","13211","355","","","977","","1100",""
"Sri Lanka"," 1986","2217","","","","","","","1223",""
"Sri Lanka"," 1980","2055","9686","218","","","913","","1018",""
"Sudan"," 2008","10813","32439","772","386","","","","",""
"Sudan"," 2007","11337","32501","755","377","","","","",""
"Sudan"," 2006","11083","33354","944","1531","","2897","","21723","25771"
"Sudan"," 2004","7552","31496","1082","3558","3115","2897","5797","8667","35374"
"Suriname"," 2004","400","2580","42","","","","","",""
"Suriname"," 2000","191","688","4","","","","","",""
"Swaziland"," 2009","173","1626","43","51","57","116","","1329","254"
"Swaziland"," 2004","171","6828","32","70","77","110","4700","616","310"
"Swaziland"," 2003","160","","","","","","","",""
"Swaziland"," 2001","179","","","","","","","",""
"Swaziland"," 2000","2","3345","20","46","21","24","","82",""
"Sweden"," 2011","37063","7001","7604","7304","","","","",""
"Sweden"," 2007","29693","100480","7541","","","","","10916",""
"Sweden"," 2002","29122","90758","7270","5885","","","","",""
"Switzerland"," 2012","31313","2446","4181","4350","","","","",""
"Switzerland"," 2011","","133697","","","","","","",""
"Switzerland"," 2002","25921","","","","","","","",""
"Switzerland"," 2000","","77120","","","","","","",""
"Syrian Arab Republic"," 2010","31194","40053","15984","16554","","","","",""
"Syrian Arab Republic"," 2009","29927","39081","15799","17162","","","","",""
"Syrian Arab Republic"," 2008","30702","38070","16169","16579","","","","",""
"Syrian Arab Republic"," 2007","29582","37577","14791","12992","","","","",""
"Syrian Arab Republic"," 2005","28247","34604","15725","13218","","","","17321",""
"Syrian Arab Republic"," 2004","25890","34108","15312","12724","","","","16542",""
"Syrian Arab Republic"," 2003","24473","32229","14917","10809","","","","14798",""
"Syrian Arab Republic"," 2002","25073","33496","14610","10055","","","","14057",""
"Syrian Arab Republic"," 2001","23742","32938","12206","8862","","","","",""
"Syrian Arab Republic"," 2000","22408","32073","11160","8868","","","","12030",""
"Syrian Arab Republic"," 1999","21393","30512","10694","8189","","","","11233",""
"Syrian Arab Republic"," 1998","20888","36172","10473","7936","","","","20534",""
"Syrian Arab Republic"," 1997","19678","33761","9764","7244","","","","19962",""
"Tajikistan"," 2013","13778","36044","1250","","","","","",""
"Tajikistan"," 2008","13909","","","","","","","",""
"Tajikistan"," 2007","13392","","","","","","","",""
"Tajikistan"," 2006","13268","","","","","","","",""
"Tajikistan"," 2005","13272","","","","","","","",""
"Tajikistan"," 2004","13000","","","","","","","",""
"Tajikistan"," 2003","12688","","","","","","","",""
"Tajikistan"," 2002","13117","","","","","","","",""
"Tajikistan"," 2001","13421","","","","","","","",""
"Tajikistan"," 2000","13500","","","","","","","",""
"Tajikistan"," 1999","12965","","","","","","","",""
"Tajikistan"," 1998","12551","","","","","","","",""
"Tajikistan"," 1991","14160","","","","","","","",""
"Thailand"," 2010","26244","138710","17222","8700","","37774","","7881",""
"Thailand"," 2009","22651","109797","14176","8390","1134","27372","","7613",""
"Thailand"," 2008","21051","105398","13147","8565","1096","26964","","8036",""
"Thailand"," 2007","19584","101143","12616","7940","1177","30552","","7635",""
"Thailand"," 2006","18918","101664","12502","7937","988","29684","","7761",""
"Thailand"," 2004","18918","96704","4129","7413","","","","",""
"Thailand"," 2002","18987","84683","4471","7350","","","","",""
"Thailand"," 2001","18947","78042","4317","6858","","","","",""
"Thailand"," 2000","22435","172477","10459","15480","","2151","3601","50296","117384"
"Thailand"," 1999","18140","68008","4026","6062","","","","",""
"Thailand"," 1998","17955","63708","3917","5911","","","","",""
"Thailand"," 1997","16569","56366","3414","5941","","","","",""
"Thailand"," 1995","14181","54262","2920","5867","","","","",""
"Thailand"," 1993","13634","46671","2786","4721","","","","",""
"Thailand"," 1991","12803","40685","2408","4333","","","","",""
"Thailand"," 1989","12713","37515","2107","3825","","","","",""
"Thailand"," 1987","9580","30752","1468","3622","","","","",""
"Thailand"," 1985","8530","28019","1451","3376","","","","",""
"Thailand"," 1983","7848","23565","1247","2990","","","","",""
"Thailand"," 1981","6931","19599","1057","2680","","","","",""
"Thailand"," 1979","6619","17211","978","2496","","","","",""
"Thailand"," 1977","5790","15231","815","2236","","","","",""
"Thailand"," 1975","5005","12658","652","1913","","","","",""
"Thailand"," 1973","4607","10562","596","1627","","","","",""
"Thailand"," 1971","4085","9360","531","1577","","","","",""
"The former Yugoslav republic of Macedonia"," 2011","","","","3271","","","","",""
"The former Yugoslav republic of Macedonia"," 2009","5364","","1425","","","","","13364","5052"
"Timor-Leste"," 2011","84","1283","46","131","180","91","","46","620"
"Timor-Leste"," 2010","84","1255","44","130","171","89","","46","614"
"Timor-Leste"," 2009","46","1216","40","61","148","81","","21","600"
"Timor-Leste"," 2008","38","1103","29","50","107","71","","18","541"
"Timor-Leste"," 2007","35","1057","28","24","81","51","","19","501"
"Timor-Leste"," 2004","79","1795","45","14","36","22","1657","18","184"
"Timor-Leste"," 2001","3","474","10","3","34","21","","5","92"
"Togo"," 2008","349","1816","19","11","377","68","","2919","2483"
"Togo"," 2007","290","2472","19","13","420","251","","1548","2364"
"Togo"," 2004","225","1937","19","134","528","289","475","606","1335"
"Tonga"," 2012","","","","9","","","","",""
"Tonga"," 2010","58","400","","","","","","",""
"Tonga"," 2009","62","378","37","15","35","37","","165","50"
"Tonga"," 2008","57","364","","","","","","",""
"Tonga"," 2007","58","302","","","","","","",""
"Tonga"," 2003","","","23","","","","","",""
"Tonga"," 2002","30","350","","","","","","",""
"Tonga"," 2001","35","341","33","17","","","","",""
"Trinidad and Tobago"," 2007","1543","4677","294","641","","","","98",""
"Trinidad and Tobago"," 2006","1592","4629","284","565","","","","100",""
"Trinidad and Tobago"," 2003","1038","3980","249","525","","","","60",""
"Trinidad and Tobago"," 2002","1054","3815","220","501","","","","74",""
"Trinidad and Tobago"," 2001","1234","3532","218","506","","","","74",""
"Trinidad and Tobago"," 2000","1275","3294","198","550","","","","71",""
"Trinidad and Tobago"," 1999","1171","3649","189","500","","","","62",""
"Trinidad and Tobago"," 1998","1185","3441","189","530","","","","58",""
"Trinidad and Tobago"," 1997","949","2891","160","518","","","","54",""
"Trinidad and Tobago"," 1996","957","2851","141","514","","","","45",""
"Trinidad and Tobago"," 1995","1183","3737","134","534","","","","44",""
"Tunisia"," 2010","12996","","3130","3236","","","","34195",""
"Tunisia"," 2009","12535","34551","2528","2106","","","","",""
"Tunisia"," 2008","12095","34304","2293","2085","","","","",""
"Tunisia"," 2007","10554","","","","","","","31758",""
"Tunisia"," 2006","","","1858","2255","","","","40465",""
"Tunisia"," 2005","9422","","1850","2114","","","","29607",""
"Tunisia"," 2004","13330","28537","2452","2909","3936","890","","10799","17608"
"Tunisia"," 2003","8189","20674","","","","","","",""
"Tunisia"," 2002","7964","","1394","2050","","","","28629",""
"Tunisia"," 2001","7767","","1380","1998","","","","30392",""
"Tunisia"," 2000","7444","","1315","1951","","","","27392",""
"Tunisia"," 1999","7149","","1301","1690","","","","27050",""
"Tunisia"," 1998","6819","","1276","1623","","","","26676",""
"Tunisia"," 1997","6464","","1200","1567","","","","26369",""
"Tunisia"," 1996","6177","","1108","1531","","","","26130",""
"Tunisia"," 1995","5965","","1038","1499","","","","25874",""
"Tunisia"," 1994","5344","","1008","1417","","","","25466",""
"Tunisia"," 1993","5257","","1004","1323","","","","25291",""
"Tunisia"," 1992","5099","","969","1330","","","","25070",""
"Tunisia"," 1991","4500","","811","1304","","","","24555",""
"Tunisia"," 1990","4424","","809","1240","","","","23743",""
"Turkey"," 2011","126029","176887","21099","26089","","","","110862",""
"Turkey"," 2010","123447","165115","21432","26506","","","","99302",""
"Turkey"," 2009","118641","154533","20589","25201","","","","93550",""
"Turkey"," 2008","113151","147583","19959","24778","","","","89540",""
"Turkey"," 2007","108402","141836","19278","23977","","","","79441",""
"Turkey"," 2006","104475","127109","18332","23140","","","","67514",""
"Turkey"," 2005","100853","121723","18149","22756","","","","62035",""
"Turkey"," 2004","97110","118982","17893","22608","","","","60959",""
"Turkey"," 2003","94466","116145","17744","22371","","","","57416",""
"Turkey"," 2002","91949","113872","16371","22289","","","","50106",""
"Turkey"," 2001","89804","114298","16075","22119","","","","52993",""
"Turkey"," 2000","85242","111144","15906","21927","","","","51887",""
"Turkey"," 1999","81988","111541","14226","22065","","","","43032",""
"Turkey"," 1998","77344","110305","13421","21441","","","","41461",""
"Turkey"," 1997","73659","107495","12737","20557","","","","39658",""
"Turkey"," 1996","70947","103471","12406","19681","","","","39075",""
"Turkey"," 1995","69349","103794","11717","19090","","","","34342",""
"Turkey"," 1994","65832","91884","11457","18366","","","","30811",""
"Turkey"," 1993","61050","90531","11069","17696","","","","28776",""
"Turkey"," 1992","56985","85552","10703","16593","","","","24160",""
"Turkey"," 1991","53264","81264","10623","16002","","","","23813",""
"Turkey"," 1990","50639","75399","10514","15792","","","","21547",""
"Turkey"," 1989","46708","71179","10132","15201","","","","18869",""
"Turkey"," 1988","42502","64568","9639","14567","","","","18831",""
"Turkey"," 1987","38829","56837","8589","13668","","","","12352",""
"Turkey"," 1986","37142","51519","8410","12866","","","","11684",""
"Turkey"," 1985","36427","48841","8305","11602","","","","10525",""
"Turkey"," 1984","34195","45797","8133","11586","","","","10456",""
"Turkey"," 1983","32263","43886","7763","11527","","","","10704",""
"Turkey"," 1982","30956","42697","7625","11428","","","","11830",""
"Turkey"," 1981","28411","43349","6790","11610","","","","12226",""
"Turkey"," 1980","27241","42760","7077","12059","","","","11664",""
"Turkey"," 1979","26298","39701","7021","11865","","","","11606",""
"Turkey"," 1978","25230","37185","6826","11280","","","","11141",""
"Turkey"," 1977","23920","36644","5954","10572","","","","11183",""
"Turkey"," 1976","23388","30439","5379","7828","","","","11517",""
"Turkey"," 1975","21714","27781","5046","7002","","","","11021",""
"Turkey"," 1974","20868","24869","4269","4715","","","","8479",""
"Turkey"," 1973","18511","26968","4279","4781","","","","11025",""
"Turkey"," 1972","16290","24414","3789","3981","","","","10426",""
"Turkey"," 1971","16514","21612","3517","3477","","","","10285",""
"Turkey"," 1970","15856","20117","3245","3011","","","","9954",""
"Turkmenistan"," 2013","","","610","906","","","","",""
"Turkmenistan"," 2002","20032","43359","876","1626","","","","7846",""
"Tuvalu"," 2009","12","","","","","","","",""
"Tuvalu"," 2008","10","64","4","2","1","12","","9","4"
"Tuvalu"," 2003","10","50","2","2","","","","",""
"Tuvalu"," 2002","6","39","2","1","","","","",""
"Uganda"," 2012","","","","1200","","","","",""
"Uganda"," 2005","3361","37625","440","762","","","5430","15400","3093"
"Uganda"," 2004","2209","18969","363","688","1702","1042","","4128","6344"
"Ukraine"," 2013","158344","342833","30934","1870","","","","",""
"Ukraine"," 2001","","","","23576","","","","",""
"United Arab Emirates"," 2011","","24936","","","","","","",""
"United Arab Emirates"," 2010","12752","24362","","","","","","",""
"United Arab Emirates"," 2009","12006","22039","","","","","","",""
"United Arab Emirates"," 2008","13311","24131","","","","","","",""
"United Arab Emirates"," 2007","9215","17336","2053","2817","","","","",""
"United Arab Emirates"," 2006","","16239","","","","","","",""
"United Arab Emirates"," 2005","6946","14844","","","","","","",""
"United Arab Emirates"," 2004","","14362","1368","2006","","","","",""
"United Arab Emirates"," 2003","","14057","","","","","","",""
"United Arab Emirates"," 2002","","12854","850","1200","","","","",""
"United Arab Emirates"," 2001","5825","14439","954","1086","","","","",""
"United Arab Emirates"," 2000","","9883","","","","","","",""
"United Arab Emirates"," 1999","","10799","","","","","","",""
"United Arab Emirates"," 1998","","12288","","","","","","",""
"United Arab Emirates"," 1997","","9486","","","","","","",""
"United Arab Emirates"," 1996","","9050","","","","","","",""
"United Arab Emirates"," 1995","","8648","","","","","","",""
"United Arab Emirates"," 1994","","8506","","","","","","",""
"United Arab Emirates"," 1993","","8279","","","","","","",""
"United Arab Emirates"," 1992","","8215","","","","","","",""
"United Arab Emirates"," 1991","","7423","","","","","","",""
"United Arab Emirates"," 1990","","5178","","","","","","",""
"United Kingdom of Great Britain and Northern Ireland"," 2013","177449","556051","33968","51315","","","","",""
"United Kingdom of Great Britain and Northern Ireland"," 1997","133641","709209","90251","29726","20035","14439","","651492","741664"
"United Republic of Tanzania"," 2012","1481","20800","509","656","2309","2047","","33357","317"
"United Republic of Tanzania"," 2006","300","9440","230","81","","","","6811",""
"United Republic of Tanzania"," 2002","822","13292","267","365","1520","1831","","30051","360"
"United States of America"," 2011","767782","","","","","","","2648360",""
"United States of America"," 2010","752572","","","275000","","","","2678940",""
"United States of America"," 2009","749566","","","","","","","2630330",""
"United States of America"," 2008","740867","","","","","","","",""
"United States of America"," 2007","732234","","","","","","","",""
"United States of America"," 2006","723118","","","","","","","",""
"United States of America"," 2005","718473","2927000","","","","","","1474000",""
"United States of America"," 2004","793648","","","","","","","",""
"United States of America"," 2000","730801","2669603","463663","249642","651035","","","4138567","3528040"
"United States of America"," 1995","646610","2375000","","","","","","1757000",""
"United States of America"," 1985","525070","1862100","","","","","","",""
"Uruguay"," 2008","13197","19595","2476","1877","601","","","4838","2456"
"Uruguay"," 2002","12384","2880","3936","","","","","",""
"Uzbekistan"," 2013","71971","339015","4749","1127","","","","51816",""
"Uzbekistan"," 2012","72007","335616","4719","1118","","","","52184",""
"Uzbekistan"," 2011","72547","331046","4861","1080","","","","52928",""
"Uzbekistan"," 2010","72522","324493","4693","1074","","","","51440",""
"Uzbekistan"," 2009","72144","313576","4468","992","","","","49992",""
"Vanuatu"," 2008","26","380","3","2","","","212","58",""
"Vanuatu"," 2007","26","344","","","","10","113","228","56"
"Vanuatu"," 2004","30","360","","","","","","",""
"Vanuatu"," 1997","20","428","","","","","","",""
"Venezuela (Bolivarian Republic of)"," 2001","48000","28000","13680","","","","","",""
"Venezuela (Bolivarian Republic of)"," 1997","","15020","","","","","","",""
"Viet Nam"," 2013","107867","112029","","","","","","",""
"Viet Nam"," 2012","114409","115131","","","","","","",""
"Viet Nam"," 2011","102925","100972","","27734","","","","",""
"Viet Nam"," 2010","99621","94049","","","","","","",""
"Viet Nam"," 2009","98268","84638","","","","","","",""
"Viet Nam"," 2008","107131","88025","","28370","","","","",""
"Viet Nam"," 2007","103637","81146","","26609","","","","",""
"Viet Nam"," 2006","101638","74441","","24149","","","","",""
"Viet Nam"," 2005","101117","69665","","23218","","","","",""
"Viet Nam"," 2002","44960","61810","","24080","","","","",""
"Viet Nam"," 2001","42327","59201","","5977","","","","",""
"Yemen"," 2010","4834","16590","897","2295","3890","596","19","7429","10585"
"Yemen"," 2009","7127","","2375","","","","","",""
"Yemen"," 2008","6909","","2303","","","","","",""
"Yemen"," 2004","6739","13746","850","2638","4709","792","6025","4580","13037"
"Yemen"," 1997","3814","6627","256","1212","1211","","","3758",""
"Zambia"," 2012","2399","","401","1223","682","566","","4916",""
"Zambia"," 2011","2312","","373","1082","599","493","","4618",""
"Zambia"," 2010","836","9932","246","317","546","1130","","14261","460"
"Zambia"," 2009","801","9497","241","306","","1110","","14718","885"
"Zambia"," 2008","795","9091","","","","948","8977","1573",""
"Zambia"," 2006","649","8369","","","556","803","","1632","11003"
"Zambia"," 2005","646","8369","","","417","803","9812","12392","385"
"Zambia"," 2004","1499","22010","491","804","1415","1027","","3330","10853"
"Zimbabwe"," 2011","1054","17022","255","467","674","1829","","1268","5677"
"Zimbabwe"," 2010","916","17029","239","472","623","1478","","1315","5314"
"Zimbabwe"," 2009","827","16668","182","2528","525","1174","","1428","6656"
"Zimbabwe"," 2008","738","13699","181","332","578","1195","","1456","5904"
"Zimbabwe"," 2007","667","14768","192","318","474","1262","","1342","6228"
"Zimbabwe"," 2004","2086","9357","310","883","481","","","3185",""
"Zimbabwe"," 1995","1630","17421","185","703","747","1063","","115",""
"Zimbabwe"," 1990","1320","15169","153","506","334","941","","57",""
"Zimbabwe"," 1985","1058","12572","108","376","248","437","","37",""
