"Country","Year","Physicians density (per 1000 population)","Nursing and midwifery personnel density (per 1000 population)","Dentistry personnel density (per 1000 population)","Pharmaceutical personnel density (per 1000 population)","Laboratory health workers density (per 1000 population)","Environmental and public health workers density (per 1000 population)","Community and traditional health workers density (per 1000 population)","Other health workers density (per 1000 population)","Health management & support workers density (per 1000 population)"
"Afghanistan","2013","0.266","","0.004","0.047","","","","0.475",""
"Afghanistan","2012","0.225","","0.003","0.025","","","","0.405",""
"Afghanistan","2011","0.234","","0.003","0.026","","","","0.378",""
"Afghanistan","2010","0.194","","0.003","0.023","","","","0.341",""
"Afghanistan","2009","0.175","0.5","0.003","0.025","","","","0.358",""
"Afghanistan","2008","0.145","0.413","0.011","0.025","","","","0.363",""
"Afghanistan","2007","0.146","0.416","0.01","0.026","","","","",""
"Afghanistan","2006","0.136","0.374","0.011","0.027","","","","",""
"Afghanistan","2005","","0.5","0.03","0.03","","","","",""
"Afghanistan","2001","0.186","0.215","0.029","0.024","","","","",""
"Albania","2013","1.145","3.846","","0.754","","","","",""
"Albania","2012","1.145","3.99","","","","","","",""
"Albania","2011","1.113","","","0.432","","","","",""
"Albania","2010","1.132","","","0.412","","","","",""
"Albania","2009","1.144","3.896","","0.377","","","","",""
"Algeria","2007","1.207","1.947","0.325","0.243","0.292","0.072","0.029","3.315","0.028"
"Algeria","2005","1.033","","0.275","0.186","","","","3.018","1.875"
"Algeria","2002","1.131","2.231","0.306","0.203","0.283","0.081","0.034","0.181","1.929"
"Andorra","2010","4","4.765","0.868","1.147","0.279","","","3.426",""
"Andorra","2003","3.697","3.258","0.667","1.03","","","","",""
"Angola","2009","0.166","1.66","","","","","","0.305",""
"Angola","2004","0.083","1.313","0.016","0.065","0.144","","","0.018","0.018"
"Angola","1997","0.077","1.19","0","0.002","","","","",""
"Antigua and Barbuda","1999","0.169","3.282","","","","","","",""
"Antigua and Barbuda","1997","","","0.188","","","","","",""
"Argentina","2013","3.859","","","","","","","",""
"Argentina","2004","3.155","0.481","0.916","0.502","0.505","","","2.046",""
"Argentina","2001","3.226","0.442","0.958","0.564","0.527","","","1.903",""
"Argentina","1998","3.009","0.802","0.799","0.423","","","","",""
"Argentina","1994","","2.157","","","","","","",""
"Argentina","1992","2.657","2.065","0.655","0.314","0.224","0.03","","3.187","2.843"
"Armenia","2013","2.698","4.834","0.39","0.047","","","","1.679",""
"Armenia","2012","2.687","4.906","0.415","0.04","","","","1.688",""
"Armenia","2011","2.661","4.916","0.418","0.039","","","","1.684",""
"Armenia","2010","2.743","5.057","0.422","0.041","","","","1.705",""
"Armenia","2009","2.677","5.01","0.417","0.037","","","","1.683",""
"Australia","2012","","","","1.016","","","","0.636",""
"Australia","2011","3.273","10.648","0.538","1.09","","","","0.746",""
"Australia","2010","3.851","","","0.907","","","","0.961",""
"Australia","2009","2.991","9.589","0.691","1.038","","","","4.611",""
"Australia","2006","2.704","10.907","1.455","0.753","0.514","","0.05","10.448","0.096"
"Australia","2001","2.474","9.706","1.1","0.721","0.43","","0.197","1.981","25.233"
"Australia","1996","2.516","10.345","1.274","0.673","0.356","","0.039","6.675",""
"Austria","2003","3.378","9.384","0.497","0.6","","","","",""
"Azerbaijan","2013","3.402","6.539","0.257","0.205","","","","0.034",""
"Azerbaijan","2012","3.432","6.687","0.261","0.177","","","","0.035",""
"Azerbaijan","2011","3.379","6.84","0.258","0.178","","","","0.035",""
"Azerbaijan","2010","3.785","7.596","0.282","0.209","","","","0.036",""
"Azerbaijan","2009","3.782","8.344","0.283","0.19","","","","0.035",""
"Bahamas","2008","2.818","4.14","0.342","0.476","0.509","","","0.426",""
"Bahamas","1998","1.054","4.47","0.071","","","","","",""
"Bahrain","2012","0.915","2.371","0.243","0.151","0.309","","","0.254",""
"Bahrain","2011","0.913","2.412","0.233","0.146","0.319","","","0.265",""
"Bahrain","2010","1.489","3.858","0.372","0.248","0.544","","","0.442",""
"Bahrain","2009","1.477","3.843","0.356","0.239","0.488","","","0.413",""
"Bahrain","2008","1.442","3.733","0.357","0.243","0.497","","","0.396",""
"Bahrain","2007","1.401","5.798","0.152","0.24","","","","",""
"Bahrain","2006","1.315","3.525","0.342","0.233","0.487","","","0.298",""
"Bahrain","2005","1.276","3.286","0.334","0.226","0.436","","","0.287",""
"Bahrain","2004","1.087","4.802","0.463","0.622","0.648","0.398","","1.896","2.789"
"Bahrain","2003","1.127","3.039","0.178","0.192","0.413","","","0.124",""
"Bahrain","2002","1.117","2.977","0.183","0.189","0.412","","","0.117",""
"Bahrain","2001","1.071","3.126","0.167","0.195","0.418","","","0.107",""
"Bahrain","2000","1.001","2.926","0.151","0.188","0.402","","","0.105",""
"Bangladesh","2011","0.356","0.218","0.028","","","0.037","0.334","0.053",""
"Bangladesh","2007","0.295","0.272","0.019","0.064","0.026","","0.331","",""
"Bangladesh","2006","0.309","0.277","","","","","","",""
"Bangladesh","2005","0.302","0.278","0.017","","0.014","0.043","0.148","0.046",""
"Bangladesh","2004","0.257","0.313","0.017","0.063","0.025","0.038","0.309","0.039",""
"Bangladesh","2003","0.249","0.253","","","","","","",""
"Bangladesh","2002","","","0.013","0.053","0.026","0.007","","0.004",""
"Bangladesh","2001","0.231","","","","","","","",""
"Barbados","2005","1.811","4.856","0.348","0.93","0.052","0.719","","0.426","0.022"
"Barbados","2001","1.567","5.896","0.231","0.69","0.265","0.724","","0.489","0.022"
"Barbados","2000","1.367","","","","","0.914","","7.936",""
"Barbados","1995","1.361","5.171","0.232","0.643","0.3","0.673","","0.125","0.023"
"Belarus","2013","3.925","10.638","0.547","0.344","","","","",""
"Belarus","2012","3.858","10.789","0.545","0.339","","","","",""
"Belarus","2011","3.759","10.444","0.536","0.324","","","","",""
"Belarus","2010","3.514","10.544","0.536","0.288","","","","",""
"Belarus","2009","3.702","10.387","0.543","0.32","","","","",""
"Belgium","2013","","16.764","0.748","2.559","","","","13.577","0.005"
"Belgium","2012","","16.284","0.741","2.464","","","","11.62","0.005"
"Belgium","2011","","14.91","0.733","1.963","","","","10.225","0.005"
"Belgium","2010","3.782","15.784","0.792","1.56","","","","9.036",""
"Belgium","2009","","14.617","0.729","","","","","8.203","0.006"
"Belgium","2008","","","0.741","","","","","7.097","0.006"
"Belgium","2007","","","0.75","","","","","6.425","0.005"
"Belgium","2006","2.132","","0.754","","","","","2.459",""
"Belgium","2005","2.073","","0.742","","","","","2.41",""
"Belgium","2003","","5.829","","","","","","",""
"Belgium","2002","","","","1.144","","","","",""
"Belize","2009","0.828","1.959","0.041","0.385","","0.206","0.543","0.433",""
"Belize","2000","1.046","1.263","0.133","","","","","",""
"Benin","2008","0.059","0.771","0.004","0.002","0.027","0.023","","0.011","0.658"
"Benin","2004","0.045","0.837","0.002","0.002","0.069","0.026","0.013","0.019","0.474"
"Bhutan","2012","0.259","0.981","","0.015","0.036","","0.854","1.151","2.408"
"Bhutan","2008","0.074","0.288","","0.039","0.004","0.016","0.023","0.414","0.618"
"Bhutan","2007","0.064","0.241","0.029","0.038","0.074","0.035","0.206","0.083","0.553"
"Bhutan","2004","0.051","0.222","0.025","0.034","0.058","0.031","0.2","0.062","0.515"
"Bolivia (Plurinational State of)","2011","0.473","1.005","0.112","0.065","0.079","0.008","","0.173","0.919"
"Bolivia (Plurinational State of)","2010","0.439","0.834","0.097","0.057","0.066","0.005","","0.13","0.434"
"Bolivia (Plurinational State of)","2007","0.333","0.61","0.063","0.035","0.046","0.004","","0.089","0.317"
"Bolivia (Plurinational State of)","2001","1.218","2.133","0.707","0.551","0.064","","0.119","0.587","0.956"
"Bosnia and Herzegovina","2013","1.93","5.595","0.217","0.115","","","","0.103",""
"Bosnia and Herzegovina","2012","1.876","5.673","0.234","0.113","","","","0.101",""
"Bosnia and Herzegovina","2011","1.834","5.472","0.215","0.104","","","","0.089",""
"Bosnia and Herzegovina","2010","1.694","5.167","0.203","0.094","","","","0.08",""
"Bosnia and Herzegovina","2009","1.65","5.042","0.173","0.093","","","","0.075",""
"Botswana","2009","0.399","3.346","0.083","0.21","0.265","0.003","0.096","1.8","4.143"
"Botswana","2008","0.381","3.216","0.056","0.137","0.213","0.002","0.258","1.642","3.704"
"Botswana","2006","0.336","2.844","","","","","0.523","",""
"Botswana","2005","0.264","2.531","","","","","0.521","",""
"Botswana","2004","0.398","2.648","0.021","0.186","0.154","0.096","","0.462",""
"Botswana","2003","0.295","2.493","","","","","0.486","",""
"Botswana","2002","0.303","2.342","","","","","0.487","",""
"Botswana","2001","0.291","2.282","","","","","0.469","",""
"Botswana","2000","0.289","2.504","","","","","0.736","",""
"Botswana","1999","0.299","2.942","","","","","0.457","",""
"Botswana","1998","0.255","2.565","","","","","0.446","",""
"Brazil","2013","1.891","7.601","","","","","","",""
"Brazil","2011","1.857","","","","","","","",""
"Brazil","2010","1.788","7.287","1.221","0.72","","","","0.357",""
"Brazil","2009","1.796","","1.18","","","","","0.323",""
"Brazil","2008","1.764","6.419","1.172","0.537","","","","1.109",""
"Brazil","2007","1.72","6.5","1.149","0.544","","","","0.197",""
"Brazil","2006","1.694","3.763","1.15","0.551","","","","0.198",""
"Brazil","2005","1.664","3.776","1.115","0.535","","","","0.156",""
"Brazil","2004","1.616","3.798","0.985","","","","","0.153",""
"Brazil","2003","1.503","3.728","0.958","","","","","0.153",""
"Brazil","2002","1.445","3.44","0.926","","","","","0.144",""
"Brazil","2001","1.415","3.044","0.887","0.383","","","","0.153",""
"Brazil","2000","1.153","3.837","1.109","0.299","0.522","0.973","","1.115","4.886"
"Brazil","1999","1.396","2.583","0.858","","","","","0.156",""
"Brazil","1998","1.295","2.308","0.827","","","","","0.152",""
"Brazil","1997","1.308","2.082","0.622","0.34","","","","0.143",""
"Brazil","1996","1.269","1.865","","","","","","",""
"Brazil","1995","1.236","1.591","","","","","","",""
"Brazil","1994","1.204","1.427","","","","","","",""
"Brazil","1993","1.174","1.271","","","","","","",""
"Brazil","1992","1.145","1.15","","","","","","",""
"Brazil","1991","0.998","3.185","0.67","0.15","0.138","","","1.07",""
"Brazil","1990","1.088","0.951","","","","","","",""
"Brunei Darussalam","2012","1.443","8.048","0.421","0.404","0.707","0.116","","0.441",""
"Brunei Darussalam","2011","1.498","7.73","0.234","0.118","0.793","","","0.288",""
"Brunei Darussalam","2010","1.36","7.022","0.208","0.104","","","","",""
"Brunei Darussalam","2009","1.096","4.842","0.177","0.103","","","","",""
"Brunei Darussalam","2008","1.417","4.877","0.206","0.113","","","","",""
"Brunei Darussalam","2007","1.008","4.91","0.208","0.108","","","","0.069",""
"Brunei Darussalam","2006","1.045","5.157","0.196","0.107","","","","",""
"Brunei Darussalam","2005","1.043","5.364","0.195","0.11","","","","",""
"Brunei Darussalam","2004","1.265","5.26","0.186","0.112","","","","",""
"Brunei Darussalam","2002","1.143","6.057","0.2","0.086","","","","",""
"Brunei Darussalam","2000","1.006","3.88","0.144","0.269","","","","",""
"Bulgaria","2012","3.866","4.778","0.912","","","","","",""
"Bulgaria","2010","3.76","","0.853","","","","","",""
"Bulgaria","2001","","","","0.127","","","","",""
"Burkina Faso","2010","0.047","0.565","0.002","0.022","0.038","","0.129","0.171",""
"Burkina Faso","2008","0.064","0.729","","0.024","0.035","","","",""
"Burkina Faso","2006","0.028","0.424","0.002","","0.026","0.003","0.091","0.116","0.009"
"Burkina Faso","2004","0.053","0.49","0.004","0.026","0.031","0.003","0.096","0.14","0.016"
"Burundi","2011","","","","0.02","","","","",""
"Burundi","2004","0.028","0.191","0.002","0.011","0.021","","0.093","0.168","0.295"
"Cote d'Ivoire","2008","0.144","0.483","0.014","0.022","","0.074","","0.164","0.134"
"Cote d'Ivoire","2005","0.094","0.495","0.011","0.007","","","","0.234","0.133"
"Cote d'Ivoire","2004","0.123","0.602","0.02","0.06","0.069","0.009","","0.01","0.125"
"Cabo Verde","2011","0.306","0.557","0.006","0.01","0.104","0.002","","0.068","0.032"
"Cabo Verde","2010","0.295","0.453","0.007","0.007","0.109","","","0.044","0.004"
"Cabo Verde","2009","0.234","0.458","0.005","0.007","0.088","","","0.05","0.004"
"Cabo Verde","2008","0.256","0.45","0.006","0.006","0.098","","","0.061","0.004"
"Cabo Verde","2007","0.257","0.475","0.006","0.006","0.091","","","0.049","0.004"
"Cabo Verde","2006","0.233","0.486","0.006","0.008","0.091","","","0.056","0.004"
"Cabo Verde","2004","0.488","0.867","0.023","0.091","0.165","0.019","0.137","0.089","0.156"
"Cambodia","2012","0.169","0.791","0.02","0.039","0.038","","","0.062","0.07"
"Cambodia","2011","0.23","0.888","0.02","","","","","0.046",""
"Cambodia","2010","0.212","0.789","0.016","0.035","","","","0.042",""
"Cambodia","2009","0.22","0.791","0.016","0.036","","","","0.034",""
"Cambodia","2008","0.227","0.786","0.017","0.038","","","","0.035",""
"Cambodia","2004","","","","","","","0.113","",""
"Cambodia","2000","0.156","0.846","0.016","0.043","","","","",""
"Cambodia","1998","0.137","0.936","0.017","0.049","0.049","","","0.141",""
"Cambodia","1996","0.105","0.984","0.016","0.042","0.044","","","0.128",""
"Cameroon","2009","0.077","0.438","0.002","0.002","","","","0.462","0.001"
"Cameroon","2007","0.078","0.487","0.002","0.002","","","","0.365","0.001"
"Cameroon","2005","0.064","0.411","0.002","0.002","","","","0.153","0.001"
"Cameroon","2004","0.192","1.598","0.009","0.043","0.11","0.002","","0.001","0.362"
"Canada","2012","","","","1.025","","","","",""
"Canada","2011","","9.288","","","","","","0.514",""
"Canada","2010","2.068","9.459","","0.76","0.549","","","0.501",""
"Canada","2009","","10.494","","0.915","1.133","","","0.911",""
"Canada","2008","1.975","10.374","1.262","0.876","1.137","0.038","","3.25","0.119"
"Canada","2007","","10.173","","0.867","0.603","","","0.874",""
"Canada","2006","1.913","10.048","1.176","0.831","1.125","0.042","","3.39","0.099"
"Canada","2005","","9.953","","","0.623","","","",""
"Canada","2004","1.82","9.502","1.076","0.857","1.062","0.036","","3.095","0.074"
"Canada","2003","","9.946","","0.667","0.613","","","",""
"Canada","2002","1.916","9.567","1.1","0.85","1.074","0.036","","2.964","0.078"
"Canada","2001","1.9","10.081","1.077","0.832","1.065","0.035","","2.848","0.078"
"Canada","2000","","","","","0.578","","","",""
"Canada","1998","1.858","10.166","1.015","0.766","1.057","","","2.329","0.094"
"Central African Republic","2009","0.048","0.257","0.003","0.003","0.009","0.053","0.401","0.067","0.009"
"Central African Republic","2008","0.041","0.198","0.001","0.002","0.008","0.02","0.415","0.069","0.008"
"Central African Republic","2004","0.085","0.412","0.003","0.004","0.012","0.014","0.054","0.118","0.043"
"Chad","2006","0.037","0.188","","","","","","",""
"Chad","2004","0.039","0.282","0.002","0.004","0.036","0.026","0.03","0.017","0.17"
"Chad","2000","0.03","0.132","","","","","","",""
"Chad","1999","0.03","0.063","","","","","","",""
"Chad","1998","0.021","0.059","","","","","","",""
"Chad","1997","0.027","0.05","","","","","","",""
"Chile","2009","1.024","0.144","0.001","0.002","0.002","","","0.602",""
"Chile","2008","1.033","0.145","0.001","0.002","0.002","","","0.608",""
"Chile","2007","1.03","0.14","0.001","0.002","0.002","","","0.496",""
"Chile","2006","1.033","0.142","0.001","0.002","0.002","","","0.493",""
"Chile","2005","0.974","0.129","0.001","0.002","0.002","","","0.384",""
"Chile","2004","0.985","0.13","0.001","0.002","0.002","","","0.383",""
"Chile","2003","0.949","0.13","0.001","0.002","0.002","","","0.341",""
"Chile","2002","0.896","0.114","0.001","0.002","0.002","","","0.266",""
"Chile","1992","1.008","4.549","0.78","0.376","","0.026","0.021","2.973",""
"China","2011","1.491","1.656","","0.269","","","0.831","1.82","0.724"
"China","2010","1.456","1.512","","0.261","0.17","","0.806","0.539","0.701"
"China","2009","1.415","1.377","","0.254","0.164","","0.827","1.104","0.683"
"China","2008","","1.253","","0.247","","","0.701","1.644","0.66"
"China","2007","","1.171","","0.244","","","0.7","1.595","0.658"
"China","2006","","1.078","","0.267","","","0.723","1.586","0.574"
"China","2005","","1.026","0.039","0.266","","","0.697","1.552","0.563"
"China","2004","","0.991","","0.269","","","0.669","1.514","0.571"
"China","2003","","0.965","","","","","0.662","","0.343"
"China","2002","1.124","0.957","","0.275","","","","1.416","0.605"
"China","2001","1.055","1.083","0.106","0.278","0.157","","0.084","0.821","0.833"
"China","2000","1.25","0.988","","0.323","","","1.029","1.619","0.735"
"China","1999","1.228","0.979","","0.329","","","1.042","1.608","0.756"
"China","1998","1.201","0.967","","0.336","","","1.053","1.586","0.767"
"China","1997","1.205","0.959","","0.343","","","1.055","1.589","0.788"
"China","1996","1.192","0.939","","0.343","","","1.063","1.568","0.793"
"China","1995","1.187","0.918","","0.341","","","1.086","1.663","0.812"
"China","1990","1.122","0.839","","0.35","","","1.06","1.518","0.795"
"Colombia","2010","1.471","0.616","0.917","","","","","",""
"Colombia","2009","1.452","0.606","0.897","","","","","",""
"Colombia","2008","1.434","0.596","0.878","","","","","",""
"Colombia","2007","1.415","0.586","0.859","","","","","",""
"Colombia","2006","1.396","0.577","0.839","","","","","",""
"Colombia","2005","1.377","0.567","0.82","","","","","",""
"Colombia","2004","","0.557","0.8","","","","","",""
"Colombia","2003","","0.547","0.78","","","","","",""
"Colombia","2002","1.35","0.55","0.78","","","","","",""
"Colombia","2001","","0.528","0.74","","","","","",""
"Colombia","2000","","","0.72","","","","","",""
"Colombia","1999","1.25","0.506","0.698","","","","","",""
"Colombia","1998","1.222","0.491","0.676","","","","","",""
"Colombia","1997","1.192","0.47","0.653","","","","","",""
"Colombia","1996","1.162","0.463","0.624","","","","","",""
"Colombia","1995","","0.453","0.597","","","","","",""
"Colombia","1994","1.11","0.443","0.572","","","","","",""
"Colombia","1993","1.085","0.431","0.555","","","","","",""
"Colombia","1992","1.046","0.422","0.536","","","","","",""
"Colombia","1991","1.004","0.412","0.51","","","","","",""
"Colombia","1990","0.96","0.401","0.48","","","","","",""
"Comoros","2004","0.146","0.744","0.037","0.052","0.08","0.022","0.052","0.013","0.343"
"Congo","2007","0.095","0.824","","0.015","0.086","0.004","","0.074","0.618"
"Congo","2006","0.19","1.275","","0.027","0.125","0.249","","0.647","0.252"
"Congo","2004","0.198","0.962","0.003","0.026","0.145","0.002","0.032","0.251","0.259"
"Congo","1998","0.664","8.373","0.031","0.078","0.132","","","0.133","0.161"
"Cook Islands","2009","1.333","6.444","1.056","0.444","0.5","1.278","0.5","4.111","1"
"Cook Islands","2004","1.176","4.706","0.588","0.118","","","","",""
"Cook Islands","2001","0.778","2.889","0.556","0.111","","","","",""
"Costa Rica","2013","1.113","0.771","0.123","0.183","0.128","","","0.049","0.131"
"Costa Rica","2011","","","","0.8","","","","",""
"Costa Rica","2000","1.325","0.93","0.485","0.535","","0.322","","3.169","4.685"
"Croatia","2012","","","","0.7","","","","",""
"Croatia","1999","1.813","","","0.338","","","","",""
"Croatia","1998","1.945","","","0.351","","","","",""
"Croatia","1997","2.112","","","0.365","","","","",""
"Croatia","1996","2.133","","","0.36","","","","",""
"Croatia","1995","2.041","","","0.347","","","","",""
"Croatia","1994","2.02","","","0.353","","","","",""
"Croatia","1993","2.007","","","0.368","","","","",""
"Croatia","1992","1.997","","","0.369","","","","",""
"Croatia","1991","1.934","","","0.359","","","","",""
"Croatia","1990","2.097","","","0.384","","","","",""
"Cuba","2010","6.723","9.053","1.067","0.409","0.885","0.246","","5.34","0.189"
"Cuba","2009","6.592","","1.019","","","","","",""
"Cuba","2008","6.574","","0.991","","","","","",""
"Cuba","2007","6.399","8.642","0.962","0.623","0.954","0.302","","8.521",""
"Cuba","2006","6.33","","0.952","","","","","",""
"Cuba","2005","6.264","","0.937","","","","","",""
"Cuba","2004","6.154","","0.923","","","","","",""
"Cuba","2003","6.019","","0.9","","","","","",""
"Cuba","2002","5.951","7.442","0.883","","","","","",""
"Cuba","2001","5.902","","0.879","","","","","",""
"Cuba","2000","5.892","","0.885","","","","","",""
"Cuba","1999","5.811","","0.889","","","","","",""
"Cuba","1998","5.71","","0.888","","","","","",""
"Cuba","1997","5.657","","0.887","","","","","",""
"Cuba","1996","5.457","","0.871","","","","","",""
"Cuba","1995","5.184","","0.834","","","","","",""
"Cuba","1994","4.956","","0.81","","","","","",""
"Cuba","1993","4.705","","0.786","","","","","",""
"Cuba","1992","4.345","","0.747","","","","","",""
"Cuba","1991","3.98","","0.702","","","","","",""
"Cuba","1990","3.64","","0.655","","","","","",""
"Cyprus","2012","2.329","","0.723","0.173","","","","",""
"Cyprus","2010","2.772","4.461","0.876","","","","","1.17",""
"Cyprus","2009","2.653","4.365","0.868","","","","","1.183",""
"Cyprus","2008","2.57","4.299","0.918","0.243","0.52","0.11","","0.243","0.007"
"Cyprus","2007","2.509","4.23","0.847","","","","","",""
"Cyprus","2006","","","","","0.432","0.104","","0.219","0.006"
"Cyprus","2002","","3.761","","0.181","","","","",""
"Cyprus","2000","","","","","","","","0.71",""
"Cyprus","1995","2.16","3.792","0.73","","","","","0.731",""
"Cyprus","1990","1.761","3.639","0.628","","","","","0.662",""
"Czech Republic","2012","","","","0.761","","","","",""
"Czech Republic","2003","3.513","","0.658","0.548","","","","",""
"Democratic People's Republic of Korea","2003","3.291","4.122","0.367","0.596","0.042","0.118","","2.998",""
"Democratic Republic of the Congo","2012","","","","0.004","","","","",""
"Democratic Republic of the Congo","2004","0.107","0.529","0.003","0.022","0.009","","","0.019","0.276"
"Denmark","2010","3.485","16.785","0.788","","","","","1.473",""
"Denmark","2009","3.424","16.093","0.809","","","","","1.423",""
"Denmark","2008","3.408","15.533","0.843","","","","","1.354",""
"Denmark","2005","","14.955","0.853","","","","","1.193",""
"Denmark","2004","3.058","14.577","0.859","","","","","0.991",""
"Denmark","2003","3.011","14.92","0.853","","","","","0.94",""
"Denmark","2002","2.925","","0.829","","","","","",""
"Denmark","2001","3.672","17.253","0.906","","","","","1.322",""
"Denmark","2000","","0.254","","","","","","1.291",""
"Denmark","1999","","14.311","","","","","","0.943",""
"Denmark","1998","","7.983","","","","","","",""
"Denmark","1997","2.921","14.215","0.879","","","","","0.873",""
"Denmark","1996","","7.228","","","","","","",""
"Denmark","1994","2.9","14.342","0.879","","","","","0.864",""
"Djibouti","2008","","0.8","0.119","0.319","","","","",""
"Djibouti","2006","0.229","0.399","0.119","0.02","","","","",""
"Djibouti","2005","0.177","0.567","0.076","0.052","0.106","0.025","","0.204","0.293"
"Djibouti","2004","0.181","0.416","0.014","0.025","0.118","","0.032","0.223","0.326"
"Djibouti","2002","","0.794","","","","","","",""
"Djibouti","1999","0.144","0.761","0.009","0.012","","","","0.085",""
"Dominica","2001","1.59","5.615","0.269","0.231","","0.833","","2.026",""
"Dominica","1997","0.5","4.171","0.053","","","","","",""
"Dominican Republic","2011","1.49","1.33","0.19","","","","","0.11",""
"Dominican Republic","2009","","1.35","0.19","","","","","0.1",""
"Dominican Republic","2008","1.12","0.82","0.13","","","","","0.09",""
"Dominican Republic","2000","1.876","1.838","0.838","0.399","","","","",""
"Ecuador","2011","1.724","2.157","0.285","0.055","","","","0.894","1.513"
"Ecuador","2009","1.687","1.983","0.24","0.047","","","","0.878","1.419"
"Ecuador","2003","1.54","1.567","0.17","0.038","","","","0.808","1.057"
"Ecuador","2002","1.607","1.67","0.174","0.039","","","","0.877","1.163"
"Ecuador","2001","1.58","1.621","0.168","0.039","","","","0.836","1.147"
"Ecuador","2000","1.476","1.657","0.166","0.039","","","","0.858","1.177"
"Ecuador","1999","1.397","1.683","0.163","0.035","","","","0.878","1.225"
"Ecuador","1998","1.332","1.657","0.157","0.032","","","","0.874","1.25"
"Ecuador","1997","1.342","1.725","0.16","0.03","","","","0.885","1.23"
"Ecuador","1996","1.325","1.712","0.156","0.028","","","","0.851","1.202"
"Ecuador","1995","1.251","1.611","0.154","","","","","0.038","0.331"
"Ecuador","1994","1.276","1.642","0.157","0.024","","","","0.829","1.215"
"Ecuador","1993","1.109","1.443","0.141","0.024","","","","0.792","1.012"
"Ecuador","1992","1.198","1.686","0.17","0.025","","","","0.857","1.237"
"Ecuador","1991","1.163","1.661","0.158","0.024","","","","0.85","1.217"
"Ecuador","1990","0.953","1.593","0.148","0.022","","","","0.798","1.184"
"Egypt","2009","2.83","3.52","0.42","1.67","","","","",""
"Egypt","2007","2.63","2.91","0.39","1.51","","","","",""
"Egypt","2005","2.43","3.35","0.34","1.25","","","","",""
"Egypt","2004","","2","0.135","0.097","0.273","0.13","","0.05","0.07"
"Egypt","2003","0.535","","","","","","","",""
"El Salvador","2008","1.596","0.405","0.646","0.32","0.302","","","0.761",""
"El Salvador","2005","1.505","0.303","0.618","0.331","0.254","","","0.618",""
"El Salvador","2002","1.237","0.795","0.54","","","","","",""
"El Salvador","1999","1.191","0.645","0.485","0.266","0.148","","","0.34",""
"Equatorial Guinea","2004","0.302","0.535","0.03","0.239","0.166","0.036","2.515","","0.146"
"Eritrea","2004","0.05","0.583","0.004","0.025","0.058","0.02","","0.013","0.178"
"Estonia","2012","3.242","6.378","0.893","0.632","","","","",""
"Estonia","2010","3.343","6.561","0.93","1.117","","","","8.024",""
"Estonia","2000","4.475","8.842","1.278","0.424","","0.084","0.032","4.239","7.944"
"Ethiopia","2009","0.025","0.253","","0.031","0.035","0.015","0.364","0.057",""
"Ethiopia","2008","0.025","0.202","","0.041","0.037","0.02","0.296","0.041",""
"Ethiopia","2007","0.022","0.224","","0.015","","0.014","0.217","0.053",""
"Ethiopia","2006","0.027","0.225","","0.025","0.028","0.016","","0.09",""
"Ethiopia","2005","0.032","0.243","","0.021","0.043","0.017","","0.092",""
"Ethiopia","2004","0.028","0.215","","0.019","0.037","0.016","0.218","0.101",""
"Ethiopia","2003","0.027","0.22","0.001","0.019","0.038","0.019","0.264","0.104",""
"Fiji","2009","0.426","2.242","0.196","0.087","0.207","0.135","","0.142","0.302"
"Fiji","2008","0.389","2.058","","","","","","",""
"Fiji","2003","0.453","1.979","0.072","0.107","","","","",""
"Fiji","1999","0.337","1.958","0.04","","","","","",""
"Finland","2011","","10.861","0.725","1.108","","","","",""
"Finland","2009","2.905","23.956","0.758","","","","","1.771",""
"Finland","2002","3.165","15.086","1.284","1.122","1.947","","","3.695",""
"France","2013","3.19","0.325","0.659","1.089","","","","",""
"France","2011","3.381","9.3","0.643","1.153","","","","3.078",""
"France","2008","","8.093","0.677","1.18","","","","2.554",""
"France","2007","3.736","8.219","0.698","1.157","","","","2.559",""
"France","2006","","8.004","","","","","","2.424",""
"France","2005","","7.753","","","","","","2.35",""
"France","2004","","7.507","","","","","","2.262",""
"France","2003","","7.301","0.676","1.063","","","","2.187",""
"France","2002","","7.117","0.676","1.037","","","","2.12",""
"France","2001","","6.921","0.679","1.013","","","","2.057",""
"France","2000","","6.7","0.684","0.985","","","","1.988",""
"France","1999","","6.453","0.679","0.952","","","","1.92",""
"France","1998","","","0.671","1","","","","",""
"France","1997","","","0.674","0.941","","","","",""
"France","1996","3.229","6.103","0.678","0.945","","","","",""
"France","1995","","","0.683","0.926","","","","",""
"France","1994","","0.207","0.679","0.917","","","","",""
"France","1993","","","0.675","0.914","","","","",""
"France","1992","","","0.671","0.9","","","","",""
"France","1991","3.077","5.594","0.669","0.894","","","","",""
"Gabon","2004","0.292","5.017","0.049","0.047","0.204","0.111","","0.146","0.107"
"Gabon","1999","","","","0.028","","","","",""
"Gabon","1998","","","","0.028","","","","",""
"Gabon","1997","","","","0.027","","","","",""
"Gabon","1996","","","","0.024","","","","",""
"Gabon","1995","0.289","","","0.021","","","","",""
"Gabon","1994","0.257","","","0.023","","","","",""
"Gabon","1993","0.215","","","0.025","","","","",""
"Gabon","1991","0.192","","","","","","","",""
"Gambia","2008","0.107","0.865","0.029","0.046","0.07","0.048","0.705","0.987","0.174"
"Gambia","2007","0.1","0.792","0.029","0.036","0.06","0.037","0.725","0.998","0.179"
"Gambia","2006","0.112","0.484","0.006","0.007","0.04","0.031","","","0.135"
"Gambia","2005","0.109","0.483","0.007","0.007","0.038","0.03","","","0.134"
"Gambia","2004","0.114","0.475","","0.01","0.027","0.03","","","0.14"
"Gambia","2003","0.109","1.319","0.03","0.034","0.069","0.023","0.679","0.002","0.274"
"Georgia","2013","4.272","0.139","","","","","","",""
"Georgia","2009","4.762","3.217","","","","","","2.453",""
"Georgia","2008","4.644","3.301","","","","","","2.529",""
"Germany","2012","3.889","","0.807","0.615","","","","",""
"Germany","2003","3.369","9.72","0.783","","","","","",""
"Ghana","2010","0.096","0.926","","","","","","",""
"Ghana","2009","0.085","1.046","","","","","","",""
"Ghana","2008","0.11","0.974","0.006","0.071","0.012","0.001","0.192","0.026","0.011"
"Ghana","2007","0.072","0.682","0.002","0.045","","","","0.123","0.922"
"Ghana","2004","0.152","0.922","0.018","0.065","0.042","","","0.334","0.896"
"Greece","2001","4.38","0.175","1.132","","","","","",""
"Greece","2000","","3.864","","0.823","","","","",""
"Grenada","2011","","","","0.849","","","","",""
"Grenada","2006","0.663","3.827","0.183","0.202","","0.702","","3.788",""
"Grenada","2003","0.725","4.575","0.163","0.275","0.25","0.188","0.563","0.088","0.05"
"Grenada","2002","0.716","4.519","0.16","0.272","0.247","0.185","0.556","0.086","0.049"
"Grenada","2001","0.716","4.519","0.16","0.272","0.247","0.185","0.556","0.086","0.049"
"Grenada","2000","0.716","4.519","0.173","0.272","0.247","0.16","0.556","0.086","0.049"
"Grenada","1999","0.728","4.864","0.173","0.272","0.247","0.185","0.556","0.086","0.049"
"Grenada","1998","","3.976","","0.841","","","0.488","",""
"Grenada","1997","0.5","3.695","0.085","","","","","",""
"Guatemala","2009","0.932","0.897","","","","","","",""
"Guatemala","2007","","","0.18","","","","","",""
"Guatemala","1999","0.896","","0.184","","","","","",""
"Guinea","2005","0.1","0.043","0.004","0.021","0.027","0.007","0.018","0.456","0.05"
"Guinea","2004","0.115","0.511","0.007","0.061","0.031","0.016","0.011","0.05","0.059"
"Guinea","2000","0.094","0.469","0.005","0.025","0.041","0.025","","0.07","0.055"
"Guinea-Bissau","2009","0.07","0.585","0.007","0.012","0.116","0.004","","0.856",""
"Guinea-Bissau","2008","0.045","0.551","0.003","0.022","0.117","0.034","","0.021","0.38"
"Guinea-Bissau","2004","0.122","0.697","0.014","0.026","0.15","0.008","2.917","0.04","0.025"
"Guyana","2010","0.214","0.531","","","","","0.326","0.103",""
"Guyana","2009","0.214","1.315","0.061","0.116","0.104","","0.326","0.14",""
"Guyana","2000","0.482","2.29","0.04","","","","","",""
"Haiti","1998","0.25","0.107","0.012","","","","","",""
"Honduras","2005","0.372","1.082","","","","0.15","","0.424","0.768"
"Honduras","2000","0.569","1.321","0.212","0.143","","0.033","","0.455",""
"Hungary","2012","3.08","6.478","0.564","0.571","","","","",""
"Hungary","2010","3.408","","","","","","","",""
"Hungary","2009","3.523","","","","","","","",""
"Hungary","2008","3.602","","","","","","","",""
"Hungary","2007","3.206","","","","","","","",""
"Hungary","2006","3.502","","","","","","","",""
"Hungary","2005","3.225","","","","","","","",""
"Hungary","2004","3.955","","","","","","","",""
"Hungary","2003","3.872","8.847","0.543","0.519","","","","",""
"Hungary","2002","3.758","","","","","","","",""
"Hungary","1999","3.618","","","","","","","",""
"Hungary","1998","3.579","","","","","","","",""
"Hungary","1997","3.499","","","","","","","",""
"Hungary","1996","3.441","","","","","","","",""
"Hungary","1995","3.391","","","","","","","",""
"Hungary","1994","3.379","","","","","","","",""
"Hungary","1993","3.318","","","","","","","",""
"Hungary","1992","3.354","","","","","","","",""
"Hungary","1991","3.277","","","","","","","",""
"Hungary","1990","3.173","","","","","","","",""
"Iceland","2012","3.476","15.593","0.822","1.09","","","","",""
"Iceland","2011","3.456","9.381","0.919","1.908","","0.166","","",""
"Iceland","2010","3.733","15.879","1.02","1.938","1.378","0.176","","3.456",""
"Iceland","2009","3.826","16.79","1.01","1.911","1.351","0.174","","3.334",""
"Iceland","2008","3.834","16.477","1.056","1.924","1.334","0.182","","3.278",""
"Iceland","2007","3.757","15.353","1.043","1.373","1.313","0.173","","3.063",""
"Iceland","2006","3.68","14.838","1.027","1.333","1.306","0.178","","1.987",""
"Iceland","2005","3.627","14.841","1.064","1.315","1.329","0.176","","1.953",""
"Iceland","2004","3.616","14.462","0.983","1.305","1.325","","","1.908",""
"Iceland","2003","3.61","14.359","0.993","1.297","","","","",""
"Iceland","2002","3.585","14.021","1.003","1.303","1.307","","","0.429",""
"Iceland","2001","3.474","13.909","1","1.218","1.323","","","2.193",""
"Iceland","2000","3.433","13.95","1.004","1.184","1.344","","","2.06",""
"India","2012","0.702","","0.096","0.501","","","","",""
"India","2011","0.743","1.711","0.095","0.529","","","","0.506",""
"India","2010","0.69","1.601","","0.554","","","","0.602",""
"India","2009","0.649","1.458","0.09","0.562","","","","0.644",""
"India","2008","0.64","1.435","0.081","","","","","0.656",""
"India","2007","0.623","1.385","0.064","","","","","0.639",""
"India","2006","0.609","","0.07","0.516","","","","0.637",""
"India","2005","0.599","1.342","0.05","","","","","0.651",""
"India","2004","0.597","1.316","0.051","","","","","0.647",""
"India","2003","0.587","1.298","0.044","0.525","","","","1.686",""
"India","2002","0.578","","0.045","","","","","",""
"India","2001","0.558","1.229","0.046","","","","","",""
"India","2000","0.546","1.211","0.038","","","","","",""
"India","1991","1.26","0.388","0.022","0.244","0.018","0.049","","1.539",""
"Indonesia","2012","0.204","1.383","0.099","0.104","","0.181","","0.221","0.513"
"Indonesia","2010","0.143","1.089","0.078","0.076","","0.091","","0.161","0.487"
"Indonesia","2009","0.148","0.833","0.054","0.046","0.008","0.045","","0.046","0.258"
"Indonesia","2003","0.134","0.818","0.032","0.034","0.04","0.03","","0.095","1.037"
"Indonesia","1993","0.058","","","","","","","",""
"Indonesia","1992","","0.625","0.02","0.024","0.026","0.03","","0.214","0.082"
"Iran (Islamic Republic of)","2011","","","","0.535","","","","",""
"Iran (Islamic Republic of)","2005","0.89","1.41","0.19","0.2","","","","",""
"Iran (Islamic Republic of)","2004","0.871","1.379","0.188","0.203","0.287","0.143","0.362","1.207","2.145"
"Iraq","2010","0.607","","0.148","0.174","","","","",""
"Ireland","2013","2.67","","","","","","","",""
"Ireland","2011","","","","1.172","","","","",""
"Ireland","2004","2.786","15.197","0.559","0.975","","","","",""
"Israel","2012","3.344","4.956","0.697","0.775","","","","",""
"Israel","1995","4.842","8.112","1.961","0.816","","","","1.754",""
"Italy","2012","3.764","","","","","","","",""
"Italy","2004","4.203","","0.575","","","","","",""
"Italy","2003","","5.44","","1.151","","","","",""
"Jamaica","2008","0.411","1.092","0.091","0.064","0.021","0.17","0.271","0.426",""
"Jamaica","2003","0.85","1.65","0.08","","","","","",""
"Japan","2012","","11.489","","","","","","",""
"Japan","2011","","11.823","","","","","","",""
"Japan","2010","2.297","10.864","0.791","2.153","","","","2.633",""
"Japan","2008","2.233","10.307","0.774","2.085","","","","2.466",""
"Japan","2006","2.168","9.828","0.758","1.97","","","","2.348",""
"Japan","2004","2.116","9.473","0.745","1.889","","","","2.23",""
"Japan","2002","2.061","9.1","0.729","1.802","","","","2.166",""
"Japan","2000","2.014","8.689","0.715","1.712","","","","2.12",""
"Japan","1998","1.966","8.259","0.696","1.628","","","","2.062",""
"Japan","1996","1.915","7.822","0.68","1.544","","","","2.096",""
"Japan","1994","1.842","7.306","0.648","1.414","","","","2.024",""
"Japan","1992","1.766","6.797","0.622","1.303","","","","1.969",""
"Japan","1990","1.714","6.423","0.599","1.219","","","","1.901",""
"Jordan","2012","","","","2.143","","","","",""
"Jordan","2010","2.558","4.049","0.898","1.444","","","","",""
"Jordan","2009","2.361","3.881","0.705","1.353","","","","",""
"Jordan","2008","2.393","3.183","0.836","1.267","","","","",""
"Jordan","2007","2.561","3.164","0.82","1.356","","","","",""
"Jordan","2006","2.352","3.395","0.788","1.152","","","","",""
"Jordan","2005","2.264","3.056","0.735","1.245","","","","",""
"Jordan","2004","2.03","3.241","1.295","3.145","1.003","0.252","0.178","1.17","4.541"
"Jordan","2003","2.261","2.958","0.634","1.157","","","","",""
"Jordan","2002","2.198","2.816","0.447","1.119","","","","",""
"Jordan","2001","2.05","3.07","0.554","0.962","","","","",""
"Jordan","2000","1.902","3.092","0.573","0.86","","","","",""
"Jordan","1999","1.981","3.002","0.554","0.783","","","","",""
"Jordan","1998","1.031","2.929","0.527","0.759","","","","",""
"Kazakhstan","2013","3.617","8.256","0.387","0.835","","","","0.042",""
"Kazakhstan","2012","3.583","8.247","0.422","0.827","","","","0.036",""
"Kazakhstan","2011","3.624","8.059","0.403","0.815","","","","0.036",""
"Kazakhstan","2010","3.863","8.478","0.45","0.761","","","","0.038",""
"Kazakhstan","2009","3.687","8.276","0.385","0.827","","","","0.031",""
"Kenya","2013","0.198","0.863","0.024","0.05","","","","",""
"Kenya","2012","0.189","0.822","0.023","0.049","","","","",""
"Kenya","2011","0.181","0.792","0.022","0.156","","","","",""
"Kenya","2010","0.183","0.762","0.023","0.079","","","","",""
"Kenya","2009","0.182","0.42","0.026","0.077","","","","",""
"Kenya","2008","0.179","0.381","0.026","0.077","","","","",""
"Kenya","2004","","0.498","","0.095","0.216","0.2","","0.098","0.055"
"Kenya","2002","0.143","1.177","0.042","","","","","0.146",""
"Kiribati","2010","0.376","3.706","","","","","","",""
"Kiribati","2009","0.327","3.523","","","","","","",""
"Kiribati","2008","0.238","3.438","0.171","0.21","0.257","0.124","","0.514","0.305"
"Kiribati","2006","","","","0.01","","","","",""
"Kiribati","2004","","3.023","0.035","0.023","","","","",""
"Kiribati","1998","","2.358","0.049","0.049","","","","",""
"Kuwait","2009","1.793","4.55","0.354","0.298","","","","2.528","4.133"
"Kuwait","2008","1.716","4.268","0.33","0.276","","","","2.585","4.18"
"Kuwait","2007","1.659","3.815","0.299","0.261","","","","2.519","4.259"
"Kuwait","2006","1.248","3.565","0.268","0.259","","","","2.387","4.239"
"Kuwait","2001","","3.909","0.286","0.307","","","","",""
"Kyrgyzstan","2013","1.969","6.221","0.178","0.058","","","","",""
"Kyrgyzstan","2011","2.469","5.822","","","","","","",""
"Kyrgyzstan","2010","2.398","5.336","","","","","","",""
"Kyrgyzstan","2009","2.385","5.322","","","","","","",""
"Kyrgyzstan","2008","2.398","5.328","","","","","","",""
"Lao People's Democratic Republic","2012","0.182","0.876","0.035","0.115","0.072","0.132","","0.37","0.672"
"Lao People's Democratic Republic","2009","0.187","0.823","0.05","","","","","0.224",""
"Lao People's Democratic Republic","2005","0.272","0.966","","","","","","0.261",""
"Lao People's Democratic Republic","2004","0.346","0.968","","","","","","0.657",""
"Lao People's Democratic Republic","2000","0.287","1.033","","","","","","0.323",""
"Lao People's Democratic Republic","1995","0.353","1.3","","","","","","0.598",""
"Latvia","2012","3.579","3.435","0.655","","0.197","","","0.829",""
"Latvia","2011","3.561","3.711","0.657","","0.183","","","0.737",""
"Latvia","2010","3.537","3.975","0.669","","0.181","","","0.732",""
"Latvia","2009","3.524","4.128","0.645","","0.185","","","0.679",""
"Latvia","2008","3.713","4.574","0.649","","0.198","","","0.724",""
"Latvia","2007","3.509","4.41","0.68","","0.204","","","0.744",""
"Latvia","2006","3.634","4.393","0.68","","0.201","","","0.751",""
"Latvia","2005","3.557","4.486","0.629","","0.209","","","0.766",""
"Latvia","2004","3.538","4.521","0.608","","0.217","","","0.709",""
"Latvia","2003","3.417","4.422","0.558","","0.213","","","0.744",""
"Latvia","2002","3.401","4.315","0.544","","0.216","","","0.742",""
"Latvia","2001","3.294","4.33","0.53","","0.21","","","0.711",""
"Latvia","2000","3.428","4.41","0.539","","0.198","","","0.732",""
"Latvia","1999","3.36","4.412","0.486","","0.196","","","0.782",""
"Latvia","1998","3.3","4.639","0.441","","0.187","","","0.746",""
"Latvia","1997","3.449","4.858","0.456","","0.192","","","0.779",""
"Latvia","1996","3.504","5.042","0.481","","0.189","","","0.903",""
"Latvia","1995","3.362","5.175","0.373","","0.184","","","0.813",""
"Latvia","1994","3.413","5.281","0.369","","0.187","","","1.022",""
"Latvia","1993","3.599","6.005","0.391","","0.195","","","1.158",""
"Latvia","1992","4.035","6.272","0.443","","0.204","","","1.28",""
"Latvia","1991","4.531","6.703","0.501","","0.224","","","1.539",""
"Latvia","1990","4.609","6.867","0.507","","0.23","","","1.576",""
"Lebanon","2011","3.2","2.72","1.47","1.57","","","","",""
"Lebanon","2010","3.07","2.33","1.43","1.46","","","","",""
"Lebanon","2009","3.54","2.22","1.33","1.22","","","","",""
"Lebanon","2007","3.062","1.897","1.15","1.278","","","","",""
"Lebanon","2006","3.254","","1.123","","","","","",""
"Lebanon","2005","","1.32","","1.148","0.317","","","0.308",""
"Lebanon","2004","","","0.879","0.809","","","","",""
"Lebanon","2001","3.253","1.175","1.211","0.95","","","","",""
"Lesotho","2003","0.049","0.623","0.009","0.034","0.081","0.031","","0.019","0.003"
"Liberia","2008","0.014","0.274","0.001","0.075","0.032","0.011","","0.055","0.014"
"Liberia","2004","0.03","0.297","0.004","0.01","0.063","0.043","0.041","0.155","0.149"
"Libya","2009","1.9","6.8","0.6","0.36","","","","",""
"Libya","2008","1.8","5.4","0.33","0.36","","","","",""
"Libya","2004","1.249","4.799","0.15","0.2","","","","",""
"Libya","1997","1.29","3.6","0.14","0.248","","","","",""
"Lithuania","2012","4.116","","","0.741","","","","",""
"Lithuania","2010","3.641","","0.731","","","","","",""
"Lithuania","1999","4.151","","0.657","","","","","",""
"Lithuania","1998","4.155","","0.642","","","","","",""
"Lithuania","1997","4.185","","0.611","","","","","",""
"Lithuania","1996","4.17","","0.483","","","","","",""
"Lithuania","1995","4.136","","0.489","","","","","",""
"Luxembourg","2013","2.9","12.611","0.891","","","","","",""
"Luxembourg","2003","","","0.713","","","","","",""
"Madagascar","2007","0.161","","0.003","","","","","0.197","0.264"
"Madagascar","2004","0.291","0.316","0.023","0.01","0.01","0.007","0.022","0.03","0.337"
"Malawi","2009","0.019","0.343","0.013","0.016","0.037","0.031","","0.138",""
"Malawi","2008","0.019","0.283","0.015","0.021","0.034","0.023","0.732","0.146","0.248"
"Malawi","2004","0.022","0.589","","","0.004","0.002","","0.057",""
"Malaysia","2011","","","","0.43","","","","",""
"Malaysia","2010","1.198","3.276","0.363","0.402","0.255","0.117","0.444","0.563",""
"Malaysia","2008","0.941","2.731","0.136","","","","","",""
"Malaysia","2007","","","","0.174","","","","0.303",""
"Malaysia","2002","0.71","1.81","0.09","0.12","","","","",""
"Malaysia","2000","0.702","1.689","0.093","0.101","","","","",""
"Maldives","2010","1.415","5.035","0.086","0.666","0.884","","2.17","0.059",""
"Maldives","2009","1.449","5.085","0.124","0.567","0.868","","1.741","0.058",""
"Maldives","2007","1.595","4.448","","0.824","0.861","","2.269","0.043",""
"Maldives","2004","0.921","2.701","0.043","0.735","0.512","","2.802","0.043",""
"Maldives","1996","0.671","1.399","","0.787","0.186","0.186","3.101","0.326",""
"Maldives","1993","0.292","0.797","","0.585","0.089","0.144","4","0.182",""
"Maldives","1991","0.198","0.676","","0.486","0.077","0.117","4.18","0.176",""
"Mali","2010","0.083","0.43","0.007","0.009","0.031","0.03","0.007","0.302","0.256"
"Mali","2009","0.074","0.426","0.008","0.008","0.027","0.017","0.008","0.284","0.241"
"Mali","2008","0.049","0.297","0.001","0.008","","0.007","","0.115","0.142"
"Mali","2007","0.074","0.201","","0.015","","0.018","0.077","0.108","0.2"
"Mali","2004","0.079","0.622","0.006","0.026","0.02","0.017","0.005","0.028","0.049"
"Malta","2013","3.486","7.492","0.468","1.115","","","","7.773",""
"Malta","2012","3.294","7.09","0.453","1.083","","","","0.859",""
"Malta","2011","3.157","7.062","0.445","0.802","","","","0.814",""
"Malta","2010","3.112","6.905","0.448","0.732","","","","0.788",""
"Malta","2009","3.073","6.631","0.438","0.56","","","","0.748",""
"Marshall Islands","2010","0.438","1.74","","","","","","",""
"Marshall Islands","2008","0.456","2.603","0.162","0.147","0.515","0.147","","0.485","3.221"
"Marshall Islands","2000","0.471","2.98","0.078","0.039","","","","",""
"Mauritania","2009","0.13","0.672","0.027","0.036","0.036","0.057","0.284","0.062","0.193"
"Mauritania","2004","0.105","0.635","0.021","0.027","0.036","","0.144","0.016","0.354"
"Mauritius","2004","1.057","3.734","0.189","1.158","0.263","0.193","0.191","0.118","1.644"
"Mexico","2011","2.095","2.529","0.117","","","","","",""
"Mexico","2010","1.991","2.429","0.117","","","","","",""
"Mexico","2009","1.959","2.371","0.108","","","","","",""
"Mexico","2008","1.925","","","","","","","",""
"Mexico","2007","1.888","","","","","","","",""
"Mexico","2006","1.864","","","","","","","",""
"Mexico","2005","1.749","","","","","","","",""
"Mexico","2004","2.893","3.98","1.415","0.762","","","","",""
"Mexico","2000","1.98","0.896","0.791","0.032","0.46","","","2.394","4.168"
"Micronesia (Federated States of)","2009","0.177","3.319","","","","","","",""
"Micronesia (Federated States of)","2008","0.566","2.478","0.354","0.142","0.434","3.832","0.274","0.894","0.381"
"Micronesia (Federated States of)","2005","0.564","2.264","0.118","0.145","","","","",""
"Micronesia (Federated States of)","2003","0.55","2.294","0.092","0.183","","","","",""
"Micronesia (Federated States of)","2000","0.598","3.897","0.131","","","","","",""
"Monaco","2012","7.167","","1.044","2.709","","","","",""
"Monaco","2011","7.056","17.217","1.073","2.625","","","","14.507",""
"Mongolia","2011","2.837","3.622","0.233","0.459","","","","",""
"Mongolia","2010","2.665","3.511","0.189","0.418","","","0.155","0.444",""
"Mongolia","2009","2.569","3.485","0.19","0.392","","","0.118","0.439",""
"Mongolia","2008","2.763","3.499","0.187","0.396","","","0.022","0.429",""
"Mongolia","2002","2.631","3.449","0.132","0.427","","0.033","","2.793",""
"Montenegro","2013","2.113","5.414","0.039","0.166","","","","",""
"Montenegro","2012","2.002","5.262","0.04","0.147","","","","",""
"Montenegro","2011","1.979","5.249","0.038","0.146","","","","",""
"Montenegro","2010","2.026","5.447","0.042","0.145","","","","",""
"Montenegro","2009","2.087","5.793","0.051","0.147","","","","",""
"Morocco","2009","0.62","0.89","0.08","0.27","","","","",""
"Morocco","2007","0.564","","","","","","","",""
"Morocco","2004","0.515","0.783","0.1","0.237","0.047","0.024","","0.036","0.306"
"Mozambique","2012","0.04","0.412","","0.057","0.058","","","","0.014"
"Mozambique","2011","0.038","0.395","","0.053","0.055","","","","0.015"
"Mozambique","2010","0.038","0.408","","0.055","0.055","","","","0.019"
"Mozambique","2008","0.026","0.341","","0.039","0.032","","","0.127","0.016"
"Mozambique","2006","0.027","0.308","","0.041","0.04","","","0.125","0.017"
"Mozambique","2004","0.027","0.322","0.008","0.032","0.049","0.029","","0.086","0.495"
"Myanmar","2012","0.612","1.003","0.069","","","0.052","0.21","",""
"Myanmar","2011","0.581","0.972","0.064","","","0.048","0.209","0.039",""
"Myanmar","2010","0.501","0.856","0.054","","","0.05","0.189","0.036",""
"Myanmar","2009","0.469","0.827","0.049","","","0.042","0.189","0.035",""
"Myanmar","2008","0.457","0.798","0.049","","","0.039","0.081","0.035",""
"Myanmar","2007","0.423","0.78","0.04","","","0.038","0.08","0.035",""
"Myanmar","2006","0.402","0.76","0.037","","","0.038","0.079","0.035",""
"Myanmar","2005","0.368","0.723","0.035","","","0.037","0.076","0.035",""
"Myanmar","2004","0.355","0.985","0.028","0.003","0.045","0.035","0.989","0.041","0.991"
"Namibia","2007","0.374","2.775","0.043","0.181","0.083","0.096","","0.163",""
"Namibia","2004","0.297","3.056","0.056","0.143","0.239","0.119","","0.297","3.87"
"Nauru","2010","0.714","","","","","","","",""
"Nauru","2009","0.714","","0.214","0.5","0.5","0.714","0.214","1.143","1.071"
"Nauru","2008","0.714","4.929","0.071","0.071","","","1","1.357",""
"Nauru","2004","0.769","4.846","0.077","0.769","","","","",""
"Nauru","1995","1.455","5.455","","","","","","",""
"Nepal","2012","","","","0.135","","","","",""
"Nepal","2004","0.209","0.46","0.014","0.014","0.125","0.007","0.63","0.074",""
"Netherlands","2011","","0.162","","0.207","","","","",""
"Netherlands","2008","","8.382","","","","","","",""
"Netherlands","2003","3.149","","0.48","0.194","","","","",""
"New Zealand","2011","","","","1.006","","","","",""
"New Zealand","2010","2.735","","","","","","","",""
"New Zealand","2009","2.679","","","","","","","",""
"New Zealand","2008","2.547","","","","","","","",""
"New Zealand","2007","2.384","10.87","0.459","0.706","","","","",""
"New Zealand","2002","2.129","","0.421","","","","","",""
"New Zealand","2001","2.366","8.715","0.678","0.916","0.969","","","12.582",""
"New Zealand","2000","","8.15","","","","","","",""
"Nicaragua","2014","0.897","1.358","0.042","","0.222","0.042","","2.552",""
"Nicaragua","2013","0.901","1.364","0.044","","0.194","0.043","","2.606",""
"Nicaragua","2012","0.864","1.376","0.044","","0.195","0.043","","2.605",""
"Nicaragua","2011","0.818","1.373","0.045","","0.191","0.043","","2.593",""
"Nicaragua","2010","0.699","1.214","0.043","","0.157","0.04","","2.223",""
"Nicaragua","2009","0.679","1.258","0.045","","0.175","0.041","","2.269",""
"Nicaragua","2008","0.63","1.255","0.046","","0.165","0.043","","2.375",""
"Nicaragua","2007","0.515","1.157","0.043","","0.153","0.039","","2.116",""
"Nicaragua","2006","0.485","1.14","0.044","","0.152","0.04","","2.083",""
"Nicaragua","2005","0.495","1.147","0.045","","0.155","0.041","","2.077",""
"Nicaragua","2003","0.374","1.072","0.044","","","","","",""
"Niger","2008","0.019","0.137","0.001","0.001","0.019","0.009","","0.002","0.007"
"Niger","2004","0.024","0.227","0.001","0.002","0.024","0.022","","0.039","0.019"
"Nigeria","2011","","","","0.105","","","","",""
"Nigeria","2009","0.408","","0.017","","0.006","","","0.051",""
"Nigeria","2008","0.403","1.605","0.027","0.133","0.168","0.031","0.137","0.011",""
"Nigeria","2007","0.403","1.599","0.03","0.136","0.182","0.031","0.14","0.021","0.012"
"Nigeria","2006","0.369","1.595","0.017","0.093","","","","0","0.007"
"Nigeria","2005","0.298","1.623","0.016","0.092","0.006","0.026","","0.158","0.006"
"Nigeria","2004","","","","0.05","0.005","","0.911","0.01",""
"Nigeria","2003","0.282","1.696","0.02","","","","","",""
"Niue","2008","3","16","4","1","2","5","","7","3"
"Niue","2006","4","15","3","1","","","","",""
"Niue","2004","2","11","1","0.5","","","","",""
"Niue","1996","1.5","6.5","1","0.5","","","","",""
"Norway","2012","4.281","17.269","0.875","0.679","","","","",""
"Norway","2009","4.159","31.932","0.89","","","","","1.835",""
"Norway","2003","","","","0.37","","","","",""
"Oman","2012","2.429","5.381","0.277","1.878","0.992","0.076","","2.287","2.089"
"Oman","2011","2.223","5.003","0.255","1.072","0.946","","","0.105",""
"Oman","2010","2.048","4.494","0.228","0.972","0.861","","","0.098",""
"Oman","2009","1.988","4.325","0.223","0.889","0.796","","","0.094",""
"Oman","2008","1.901","4.112","0.204","0.813","0.75","0.076","","3.368",""
"Oman","2007","1.84","3.896","0.196","0.45","0.721","0.074","","2.046","1.598"
"Oman","2006","1.753","3.681","0.19","0.702","0.692","","","0.076",""
"Oman","2005","1.629","3.614","0.175","0.355","0.642","0.065","","1.88","1.556"
"Oman","2004","1.319","3.506","0.185","0.528","0.357","0.059","","0.428","1.328"
"Oman","2000","1.249","3.001","0.1","0.264","0.477","0.081","","1.344","1.365"
"Oman","1999","0.858","2.542","0.042","0.206","0.367","0.079","","2.186",""
"Oman","1998","0.853","2.587","0.038","0.199","0.361","0.083","","2.149",""
"Oman","1997","0.804","2.425","0.035","0.189","0.347","0.095","","2.291",""
"Oman","1995","1.106","2.696","0.064","0.164","0.403","0.085","","1.598","1.983"
"Oman","1990","0.781","2.248","0.046","0.235","0.308","","","0.027",""
"Pakistan","2010","0.827","0.573","0.06","","","","0.066","",""
"Pakistan","2009","0.813","0.557","0.057","","","","0.063","",""
"Pakistan","2008","0.797","0.541","0.054","","","","0.06","",""
"Pakistan","2007","0.777","0.381","","","","","","",""
"Pakistan","2005","0.8","0.3","","","","","","",""
"Pakistan","2004","0.739","0.456","0.05","0.052","0.062","0.001","","0.121","1.293"
"Pakistan","2001","0.658","0.429","0.032","","","","0.039","",""
"Pakistan","2000","0.644","0.421","0.029","","","","0.038","",""
"Pakistan","1999","0.627","0.42","0.027","","","","0.038","",""
"Pakistan","1998","0.611","0.407","0.025","","","","0.037","",""
"Pakistan","1997","0.595","0.383","0.024","","","","0.035","",""
"Pakistan","1996","0.578","0.362","0.023","","","","0.034","",""
"Pakistan","1995","0.557","0.34","0.022","","","","0.033","",""
"Pakistan","1994","0.542","0.337","0.021","","","","0.034","",""
"Pakistan","1993","0.528","0.326","0.02","","","","0.033","",""
"Pakistan","1992","0.515","0.318","0.02","","","","0.033","",""
"Palau","2010","1.381","5.714","","","","","","",""
"Palau","2009","1.45","5.6","","","","","","",""
"Palau","2007","","","0.25","0.05","","","","",""
"Palau","2006","1.3","5.9","","","","","","",""
"Palau","2004","","6","","","","","","",""
"Palau","1998","1.444","6.278","1.333","0.778","0.722","0.444","","0.389","6"
"Panama","2013","1.65","1.402","0.282","","","","","",""
"Panama","2012","1.662","1.417","0.34","","","","","",""
"Panama","2011","1.554","2.402","0.312","","","","","",""
"Panama","2010","1.459","2.571","0.311","","","","","",""
"Panama","2009","1.357","1.25","0.299","","","","","",""
"Panama","2008","1.428","1.253","0.291","","","","","",""
"Panama","2007","1.346","1.223","0.282","","","","","",""
"Panama","2006","1.391","2.066","0.29","","","","","",""
"Panama","2005","1.389","2.065","0.29","","","","","",""
"Panama","2004","1.36","2.049","0.291","","","","","",""
"Panama","2003","1.379","2.261","0.278","","","","","",""
"Panama","2002","1.372","1.97","0.293","","","","","",""
"Panama","2001","1.278","1.892","0.254","","","","","",""
"Panama","2000","1.502","2.765","0.756","0.856","","0.321","","0.756","2.326"
"Panama","1999","1.266","1.173","0.275","","","","","",""
"Panama","1998","1.225","1.123","0.278","","","","","",""
"Panama","1997","1.235","1.134","0.268","","","","","",""
"Panama","1996","1.237","1.106","0.269","","","","","",""
"Panama","1995","1.197","1.072","0.254","","","","","",""
"Panama","1994","1.154","1.052","0.239","","","","","",""
"Panama","1993","1.208","1.032","0.224","","","","","",""
"Panama","1992","1.173","0.988","0.227","","","","","",""
"Panama","1991","1.15","0.999","0.216","","","","","",""
"Panama","1990","1.141","1.02","0.21","","","","","",""
"Papua New Guinea","2012","","","","0.049","","","","",""
"Papua New Guinea","2010","0.058","0.565","","","","","","0.757",""
"Papua New Guinea","2009","","","0.019","","","","","",""
"Papua New Guinea","2008","0.053","0.457","0.007","","","","0.624","0.363","0.292"
"Papua New Guinea","2000","0.052","0.533","0.017","","","","","",""
"Paraguay","2012","1.227","1.001","0.158","","0.209","","","1.865","0.417"
"Paraguay","2002","1.107","1.788","0.554","0.325","","0.023","","1.539",""
"Peru","2012","1.132","1.514","0.15","0.051","0.051","0.001","","0.721","3.496"
"Peru","2009","0.92","1.271","0.12","0.061","0.038","0.001","","0.748","2.899"
"Peru","1999","1.167","0.67","0.11","","","","","",""
"Philippines","2011","","","","0.886","","","","",""
"Philippines","2004","1.153","6","0.564","0.61","","","","",""
"Philippines","2002","1.15","6.12","0.55","0.59","","","","",""
"Philippines","2000","0.585","2.134","0.113","0.033","","","","1.199",""
"Poland","2012","2.219","6.159","0.326","0.701","","","","",""
"Poland","2010","2.068","5.395","0.321","0.655","0.248","","","0.784",""
"Poland","2003","2.469","4.895","0.297","0.658","","","","",""
"Portugal","2013","","","0.76","","","","","",""
"Portugal","2012","4.1","6.113","0.704","1.018","","","","",""
"Portugal","2011","4.003","6.032","0.689","1.112","","","","",""
"Portugal","2010","3.868","5.828","0.651","1.017","","","","",""
"Portugal","2009","3.755","5.582","0.619","1.063","","","","",""
"Portugal","2008","3.66","5.331","0.567","1.009","","","","",""
"Portugal","2007","3.578","5.105","0.531","0.955","","","","",""
"Portugal","2006","3.502","4.832","0.537","0.957","","","","",""
"Portugal","2005","3.443","4.588","0.482","0.905","","","","",""
"Portugal","2004","3.496","4.546","0.467","0.901","","","","",""
"Portugal","2003","3.423","4.358","0.438","0.858","","","","",""
"Portugal","2002","3.359","4.16","0.411","0.792","","","","",""
"Qatar","2010","7.739","11.874","","","","","","",""
"Qatar","2009","5.818","8.621","","","","","","",""
"Qatar","2008","5.299","9.687","","","","","","",""
"Qatar","2006","2.757","7.372","0.579","1.259","0.845","","","0.132",""
"Qatar","2005","2.645","6.002","0.849","1.353","","","","",""
"Qatar","2001","2.217","4.936","0.372","0.897","","","","",""
"Republic of Korea","2012","2.143","5.009","0.45","0.67","","","","0.524",""
"Republic of Korea","2011","2.095","4.883","0.442","0.695","","","","0.496",""
"Republic of Korea","2010","2.024","4.732","0.431","0.662","","","","0.47",""
"Republic of Korea","2009","2.032","5.516","0.509","1.233","","","","7.352",""
"Republic of Korea","2008","1.969","5.289","0.495","1.209","","","","7.007",""
"Republic of Korea","2007","1.9","5.074","0.48","1.188","","","","6.645",""
"Republic of Korea","2006","1.838","4.842","0.464","1.164","","","","6.321",""
"Republic of Korea","2005","1.785","4.649","0.451","1.147","","","","6.007",""
"Republic of Korea","2004","1.71","4.393","1.375","1.116","1.166","","","3.58",""
"Republic of Korea","2003","1.573","1.747","","","","","","",""
"Republic of Korea","2000","","","","1.081","","","","",""
"Republic of Moldova","2013","2.984","6.396","0.501","0.544","","","","",""
"Republic of Moldova","2011","3.643","","","","","","","7.742",""
"Republic of Moldova","2010","3.072","","","","","","","6.615",""
"Romania","2012","2.448","5.615","0.644","0.718","","","","",""
"Romania","2002","1.925","0.179","0.59","0.675","","0.062","","8.398",""
"Russian Federation","2000","","","","","","0.498","","7.595",""
"Rwanda","2010","0.056","0.689","0.012","0.006","0.085","0.012","","0.268","0.103"
"Rwanda","2009","0.056","0.671","0.015","0.005","0.091","0.013","","0.287","0.104"
"Rwanda","2008","0.052","0.678","0.013","0.004","0.075","0.01","","0.273","0.096"
"Rwanda","2004","0.051","0.43","0.002","0.033","0.005","0.012","1.415","0.123","0.102"
"Saint Kitts and Nevis","2001","1.167","7","0.357","","","","1.143","",""
"Saint Kitts and Nevis","1999","1.07","6.14","0.326","","","","0.744","",""
"Saint Kitts and Nevis","1998","1.07","5.791","0.279","","","","0.744","",""
"Saint Kitts and Nevis","1997","1.116","5.651","0.233","","","","0.395","",""
"Saint Kitts and Nevis","1996","1.091","5.773","0.25","","","","0.386","",""
"Saint Kitts and Nevis","1995","1.045","5.5","0.25","","","","0.386","",""
"Saint Kitts and Nevis","1994","0.907","5.86","0.233","","","","0.395","",""
"Saint Kitts and Nevis","1993","0.744","6.651","0.209","","","","0.395","",""
"Saint Kitts and Nevis","1992","0.738","6.81","0.214","","","","0.405","",""
"Saint Kitts and Nevis","1991","0.683","6.927","0.171","","","","0.415","",""
"Saint Kitts and Nevis","1990","0.683","6.902","0.293","","","","0.415","",""
"Saint Lucia","2010","","","0.167","","","","","",""
"Saint Lucia","2009","0.108","","0.03","","","","","",""
"Saint Lucia","2008","0.164","","0.012","","","","","",""
"Saint Lucia","2007","0.19","","0.018","","","","","",""
"Saint Lucia","2005","0.516","2.025","","","","","","",""
"Saint Lucia","2004","0.453","2.5","0.047","","","","","",""
"Saint Lucia","2003","0.503","3.322","0.047","","","","","",""
"Saint Lucia","2002","0.473","","0.047","","","","","",""
"Saint Lucia","2001","0.884","2.524","0.184","0.156","","1.122","","5.231",""
"Saint Lucia","1999","","2.283","0.062","","","","","",""
"Saint Vincent and the Grenadines","2001","0.525","4.034","0.178","0.195","","0.568","","2.322",""
"Saint Vincent and the Grenadines","2000","0.754","3.788","0.042","","","","0.381","",""
"Saint Vincent and the Grenadines","1997","0.871","2.379","0.052","","","","","",""
"Samoa","2008","0.452","1.851","0.335","0.314","0.346","0.144","","0.298","2.319"
"Samoa","2005","0.27","0.935","","0.016","","","","",""
"Samoa","2003","0.281","1.742","0.056","0.112","","","","",""
"Samoa","1999","0.702","2.041","","0.029","","","","",""
"San Marino","2013","5.1","8.831","","0.715","","","","5.286",""
"San Marino","2012","5.133","8.889","","0.72","","","","5.321",""
"San Marino","2011","4.883","8.318","","0.725","","","","6.364",""
"Sao Tome and Principe","2004","0.491","1.867","0.067","0.145","0.309","0.115","2.267","1.764","1.745"
"Saudi Arabia","2012","2.491","4.867","","0.543","","","","2.674",""
"Saudi Arabia","2011","2.477","4.794","","0.545","","","","2.639",""
"Saudi Arabia","2010","2.386","4.692","","0.54","","","","2.484",""
"Saudi Arabia","2009","2.044","4.099","","0.553","","","","2.205",""
"Saudi Arabia","2008","2.021","3.833","","0.6","","","","1.951",""
"Saudi Arabia","2001","0.634","","0.069","","","","","",""
"Saudi Arabia","2000","0.675","1.648","","0.039","","","","","0.49"
"Senegal","2008","0.059","0.42","0.008","0.01","0.02","0.097","","0.178","0.289"
"Senegal","2004","0.057","0.318","0.009","0.008","0.006","0.068","","0.068","0.055"
"Serbia","2009","2.114","","0.231","0.206","","","","",""
"Seychelles","2012","1.067","4.808","0.161","0.046","","","","11.132",""
"Seychelles","2011","1.231","5.638","0.207","0.058","","","","8.687",""
"Seychelles","2010","1.19","4.905","0.226","0.048","","","","10.048",""
"Seychelles","2009","1.226","5.19","0.19","0.048","","","","11.857",""
"Seychelles","2008","0.843","4.904","0.145","0.048","","","","14.578",""
"Seychelles","2007","1.11","5.012","0.195","0.049","","","","4.329",""
"Seychelles","2006","0.926","5.111","0.185","0.049","","","","2.309",""
"Seychelles","2005","1.284","4.815","0.123","0.086","","","","2.284",""
"Seychelles","2004","1.513","7.925","1.175","0.763","0.738","0.963","","0.438",""
"Sierra Leone","2010","0.022","0.166","0.001","0.019","0.002","0.026","0.022","0.14",""
"Sierra Leone","2008","0.016","0.168","0.004","0.032","0.009","0.023","0.022","0.004","0.004"
"Sierra Leone","2004","0.033","0.486","0.001","0.066","","0.026","0.108","0.001",""
"Singapore","2013","1.95","5.76","0.405","0.412","","","","0.881",""
"Singapore","2012","1.835","5.596","0.359","0.377","","","","0.872",""
"Singapore","2011","1.748","5.196","0.343","0.388","","","","",""
"Singapore","2010","1.921","6.392","0.328","0.395","","","","0.527",""
"Singapore","2009","1.833","5.901","0.322","0.365","","","","",""
"Singapore","2008","1.747","5.394","0.315","0.344","","","","",""
"Singapore","2007","1.665","5.037","0.305","0.334","","","","",""
"Singapore","2006","1.582","4.778","0.302","0.324","","","","",""
"Singapore","2005","1.56","4.662","0.295","0.307","","","","",""
"Singapore","2004","1.505","4.479","0.284","0.298","","","","",""
"Singapore","2003","1.5","","0.28","0.301","","","","",""
"Singapore","2001","1.4","4.238","0.265","0.278","","","","",""
"Singapore","1999","1.359","4.07","0.24","0.266","","","","",""
"Slovakia","2012","3.32","6.066","0.486","0.643","","","","2.091",""
"Slovakia","2011","3.262","6.192","0.478","0.618","","","","2.193",""
"Slovakia","2010","3.354","6.411","0.493","0.605","","","","2.189",""
"Slovakia","2009","3.296","6.385","0.488","0.54","","","","2.263",""
"Slovakia","2003","3.179","","","","","","","",""
"Solomon Islands","2009","0.224","2.053","","","","","","",""
"Solomon Islands","2005","0.186","1.452","0.109","0.111","","","","",""
"Solomon Islands","2003","0.126","1.321","","","","","","",""
"Solomon Islands","1999","0.127","0.851","0.061","0.066","","","","",""
"Somalia","2006","0.035","0.114","","0.006","","","","",""
"Somalia","2005","","0.052","","","0.022","0.005","","0.063","0.009"
"Somalia","1997","0.04","0.191","0.002","0.001","","","","",""
"South Africa","2013","0.776","5.114","0.2","","0.154","0.064","","2.082",""
"South Africa","2012","","4.902","","0.413","","","","",""
"South Africa","2011","0.758","4.72","0.192","0.369","0.153","0.065","","2.111",""
"South Africa","2010","","4.833","","","","","","",""
"South Africa","2009","","4.641","","","","","","",""
"South Africa","2008","","4.456","","","","","","",""
"South Africa","2007","","4.276","","","","","","",""
"South Africa","2006","","4.137","","","","","","",""
"South Africa","2005","","4.032","","","","","","",""
"South Africa","2004","0.77","4.08","0.133","0.277","0.044","0.056","0.203","1.009","0.506"
"South Africa","2003","","3.947","","","","","","",""
"South Africa","2002","","3.862","","","","","","",""
"South Africa","2001","","3.88","","","","","","",""
"South Africa","2000","","3.901","","","","","","",""
"South Africa","1999","","3.973","","","","","","",""
"South Africa","1998","","4.044","","","","","","",""
"Spain","2013","4.949","5.665","0.822","1.417","","","","1.317",""
"Spain","2012","4.894","5.678","0.801","1.4","","","","1.281",""
"Spain","2011","4.874","5.776","0.626","1.399","","","","1.258",""
"Spain","2010","5.08","5.976","0.633","1.459","","","","0.936",""
"Spain","2009","4.991","5.821","0.609","1.444","","","","0.879",""
"Spain","2008","4.89","5.713","0.587","1.428","","","","0.83",""
"Spain","2007","4.772","5.573","0.562","1.416","","","","0.771",""
"Spain","2006","4.682","5.465","0.537","1.405","","","","0.712",""
"Spain","2005","4.624","5.364","0.514","1.382","","","","0.097",""
"Spain","2004","4.733","5.483","0.512","1.411","","","","0.09",""
"Spain","2003","4.644","5.377","0.487","1.376","","","","0.082",""
"Spain","2002","4.537","5.207","0.471","1.335","","","","",""
"Spain","2001","4.414","5.102","0.453","1.288","","","","",""
"Spain","2000","4.393","5.018","0.43","1.246","","","","",""
"Spain","1999","4.308","4.86","0.416","1.2","","","","",""
"Spain","1998","4.241","4.763","0.399","1.156","","","","",""
"Spain","1997","4.178","4.517","0.38","1.117","","","","",""
"Spain","1996","4.13","4.416","0.371","1.078","","","","",""
"Spain","1995","4.073","4.31","0.351","1.036","","","","",""
"Spain","1994","4.073","4.22","0.333","1.013","","","","",""
"Spain","1993","4.015","4.232","0.309","0.998","","","","",""
"Spain","1992","3.946","4.169","0.299","0.979","","","","",""
"Spain","1991","3.887","4.09","0.285","0.955","","","","",""
"Spain","1990","3.784","4.033","0.263","0.931","","","","",""
"Sri Lanka","2012","","","0.058","0.035","0.139","0.066","","2.302",""
"Sri Lanka","2010","0.68","1.641","0.049","","","0.065","","0.051",""
"Sri Lanka","2009","0.642","1.462","0.04","","","0.069","","0.049",""
"Sri Lanka","2008","0.587","1.415","0.062","","","0.069","","0.053",""
"Sri Lanka","2007","0.523","1.93","0.083","0.042","0.075","0.114","","1.778",""
"Sri Lanka","2006","0.492","1.574","0.056","","","0.073","","0.057",""
"Sri Lanka","2005","0.492","1.326","0.046","","","0.073","","0.061",""
"Sri Lanka","2004","0.545","1.729","0.065","0.052","0.065","0.08","","0.08","0.006"
"Sri Lanka","2002","","1.071","0.04","","","0.074","","0.071",""
"Sri Lanka","2001","0.447","0.842","","","","0.061","","",""
"Sri Lanka","2000","0.428","1.204","0.034","","","","","0.073",""
"Sri Lanka","1999","0.379","0.762","0.028","","","0.048","","0.073",""
"Sri Lanka","1998","0.352","0.8","0.026","","","0.049","","",""
"Sri Lanka","1997","0.311","0.763","0.026","","","0.051","","",""
"Sri Lanka","1996","0.285","0.776","0.023","","","0.052","","",""
"Sri Lanka","1995","0.228","1.113","0.022","","","0.052","","0.076",""
"Sri Lanka","1994","0.19","0.992","","","","0.048","","0.074",""
"Sri Lanka","1993","0.213","1.059","0.022","0.033","0.048","0.05","","0.128",""
"Sri Lanka","1992","0.17","0.893","0.021","","","0.053","","0.07",""
"Sri Lanka","1991","0.143","0.825","0.019","","","0.052","","0.063",""
"Sri Lanka","1990","","0.759","0.021","","","0.057","","0.065",""
"Sudan","2008","0.28","0.84","0.02","0.01","","","","",""
"Sudan","2007","0.3","0.86","0.02","0.01","","","","",""
"Sudan","2006","0.3","0.902","0.026","0.041","","0.078","","0.587","0.697"
"Sudan","2004","0.22","0.917","0.032","0.104","0.091","0.084","0.169","0.252","1.03"
"Suriname","2004","0.911","5.877","0.096","","","","","",""
"Suriname","2000","0.449","1.619","0.009","","","","","",""
"Swaziland","2009","0.17","1.602","0.042","0.05","0.056","0.114","","1.309","0.25"
"Swaziland","2004","0.158","6.305","0.03","0.065","0.071","0.102","4.34","0.569","0.286"
"Swaziland","2003","0.149","","","","","","","",""
"Swaziland","2001","0.169","","","","","","","",""
"Swaziland","2000","0.002","3.204","0.019","0.044","0.02","0.023","","0.079",""
"Sweden","2011","3.926","0.742","0.805","0.774","","","","",""
"Sweden","2007","3.265","11.048","0.829","","","","","1.2",""
"Sweden","2002","3.284","10.235","0.82","0.664","","","","",""
"Switzerland","2012","4.049","0.316","0.541","0.562","","","","",""
"Switzerland","2011","","17.359","","","","","","",""
"Switzerland","2002","3.615","","","","","","","",""
"Switzerland","2000","","10.751","","","","","","",""
"Syrian Arab Republic","2010","1.455","1.869","0.746","0.772","","","","",""
"Syrian Arab Republic","2009","1.428","1.865","0.754","0.819","","","","",""
"Syrian Arab Republic","2008","1.5","1.86","0.79","0.81","","","","",""
"Syrian Arab Republic","2007","1.48","1.88","0.74","0.65","","","","",""
"Syrian Arab Republic","2005","1.483","1.817","0.826","0.694","","","","0.91",""
"Syrian Arab Republic","2004","1.421","1.872","0.84","0.698","","","","0.908",""
"Syrian Arab Republic","2003","1.375","1.811","0.838","0.607","","","","0.831",""
"Syrian Arab Republic","2002","1.443","1.927","0.841","0.579","","","","0.809",""
"Syrian Arab Republic","2001","1.399","1.941","0.719","0.522","","","","",""
"Syrian Arab Republic","2000","1.353","1.937","0.674","0.536","","","","0.726",""
"Syrian Arab Republic","1999","1.324","1.888","0.662","0.507","","","","0.695",""
"Syrian Arab Republic","1998","1.325","2.295","0.665","0.504","","","","1.303",""
"Syrian Arab Republic","1997","1.281","2.197","0.635","0.471","","","","1.299",""
"Tajikistan","2013","1.918","5.018","0.174","","","","","",""
"Tajikistan","2008","2.052","","","","","","","",""
"Tajikistan","2007","2.004","","","","","","","",""
"Tajikistan","2006","2.013","","","","","","","",""
"Tajikistan","2005","2.04","","","","","","","",""
"Tajikistan","2004","2.064","","","","","","","",""
"Tajikistan","2003","2.032","","","","","","","",""
"Tajikistan","2002","2.117","","","","","","","",""
"Tajikistan","2001","2.184","","","","","","","",""
"Tajikistan","2000","2.217","","","","","","","",""
"Tajikistan","1999","2.151","","","","","","","",""
"Tajikistan","1998","2.106","","","","","","","",""
"Tajikistan","1991","2.615","","","","","","","",""
"Thailand","2010","0.393","2.077","0.258","0.13","","0.566","","0.118",""
"Thailand","2009","0.342","1.656","0.214","0.127","0.017","0.413","","0.115",""
"Thailand","2008","0.32","1.602","0.2","0.13","0.017","0.41","","0.122",""
"Thailand","2007","0.3","1.549","0.193","0.122","0.018","0.468","","0.117",""
"Thailand","2006","0.292","1.57","0.193","0.123","0.015","0.458","","0.12",""
"Thailand","2004","0.298","1.524","0.065","0.117","","","","",""
"Thailand","2002","0.305","1.362","0.072","0.118","","","","",""
"Thailand","2001","0.308","1.268","0.07","0.111","","","","",""
"Thailand","2000","0.368","2.831","0.172","0.254","","0.035","0.059","0.826","1.927"
"Thailand","1999","0.301","1.128","0.067","0.101","","","","",""
"Thailand","1998","0.301","1.067","0.066","0.099","","","","",""
"Thailand","1997","0.28","0.954","0.058","0.101","","","","",""
"Thailand","1995","0.245","0.938","0.05","0.101","","","","",""
"Thailand","1993","0.241","0.826","0.049","0.084","","","","",""
"Thailand","1991","0.232","0.738","0.044","0.079","","","","",""
"The former Yugoslav republic of Macedonia","2011","","","","1.585","","","","",""
"The former Yugoslav republic of Macedonia","2009","2.624","","0.697","","","","","6.538","2.472"
"Timor-Leste","2011","0.073","1.112","0.04","0.114","0.156","0.079","","0.04","0.537"
"Timor-Leste","2010","0.068","1.009","0.035","0.105","0.137","0.072","","0.037","0.494"
"Timor-Leste","2009","0.039","1.024","0.034","0.051","0.125","0.068","","0.018","0.505"
"Timor-Leste","2008","0.034","0.978","0.026","0.044","0.095","0.063","","0.016","0.48"
"Timor-Leste","2007","0.033","0.99","0.026","0.022","0.076","0.048","","0.018","0.469"
"Timor-Leste","2004","0.096","2.189","0.055","0.017","0.044","0.027","2.021","0.022","0.224"
"Timor-Leste","2001","0.004","0.667","0.014","0.004","0.048","0.03","","0.007","0.129"
"Togo","2008","0.053","0.274","0.003","0.002","0.057","0.01","","0.44","0.374"
"Togo","2007","0.045","0.382","0.003","0.002","0.065","0.039","","0.239","0.365"
"Togo","2004","0.045","0.386","0.004","0.027","0.105","0.058","0.095","0.121","0.266"
"Tonga","2012","","","","0.086","","","","",""
"Tonga","2010","0.563","3.883","","","","","","",""
"Tonga","2009","0.602","3.67","0.359","0.146","0.34","0.359","","1.602","0.485"
"Tonga","2008","0.553","3.534","","","","","","",""
"Tonga","2007","0.563","2.932","","","","","","",""
"Tonga","2003","","","0.221","","","","","",""
"Tonga","2002","0.291","3.398","","","","","","",""
"Tonga","2001","0.343","3.343","0.324","0.167","","","","",""
"Trinidad and Tobago","2007","1.175","3.562","0.224","0.488","","","","0.075",""
"Trinidad and Tobago","2006","1.216","3.536","0.217","0.432","","","","0.076",""
"Trinidad and Tobago","2003","0.797","3.054","0.191","0.403","","","","0.046",""
"Trinidad and Tobago","2002","0.812","2.939","0.169","0.386","","","","0.057",""
"Trinidad and Tobago","2001","0.954","2.73","0.168","0.391","","","","0.057",""
"Trinidad and Tobago","2000","0.989","2.555","0.154","0.427","","","","0.055",""
"Trinidad and Tobago","1999","0.912","2.842","0.147","0.389","","","","0.048",""
"Trinidad and Tobago","1998","0.927","2.69","0.148","0.414","","","","0.045",""
"Trinidad and Tobago","1997","0.745","2.269","0.126","0.407","","","","0.042",""
"Trinidad and Tobago","1996","0.755","2.248","0.111","0.405","","","","0.035",""
"Trinidad and Tobago","1995","0.938","2.964","0.106","0.423","","","","0.035",""
"Tunisia","2010","1.222","","0.294","0.304","","","","3.214",""
"Tunisia","2009","1.19","3.28","0.24","0.2","","","","",""
"Tunisia","2008","1.16","3.29","0.22","0.2","","","","",""
"Tunisia","2007","1.023","","","","","","","3.078",""
"Tunisia","2006","","","0.182","0.221","","","","3.963",""
"Tunisia","2005","0.933","","0.183","0.209","","","","2.931",""
"Tunisia","2004","1.341","2.872","0.247","0.293","0.396","0.09","","1.087","1.772"
"Tunisia","2003","0.833","2.103","","","","","","",""
"Tunisia","2002","0.819","","0.143","0.211","","","","2.943",""
"Tunisia","2001","0.807","","0.143","0.208","","","","3.158",""
"Tunisia","2000","0.782","","0.138","0.205","","","","2.878",""
"Tunisia","1999","0.76","","0.138","0.18","","","","2.874",""
"Tunisia","1998","0.733","","0.137","0.174","","","","2.867",""
"Tunisia","1997","0.703","","0.131","0.17","","","","2.868",""
"Tunisia","1996","0.681","","0.122","0.169","","","","2.879",""
"Tunisia","1995","0.666","","0.116","0.167","","","","2.891",""
"Tunisia","1994","0.606","","0.114","0.161","","","","2.889",""
"Tunisia","1993","0.606","","0.116","0.153","","","","2.916",""
"Tunisia","1992","0.598","","0.114","0.156","","","","2.942",""
"Tunisia","1991","0.538","","0.097","0.156","","","","2.935",""
"Tunisia","1990","0.539","","0.099","0.151","","","","2.893",""
"Turkey","2011","1.711","2.402","0.287","0.354","","","","1.505",""
"Turkey","2010","1.581","2.115","0.274","0.339","","","","1.272",""
"Turkey","2009","1.538","2.004","0.267","0.327","","","","1.213",""
"Turkey","2008","1.486","1.938","0.262","0.325","","","","1.176",""
"Turkey","2007","1.442","1.887","0.256","0.319","","","","1.057",""
"Turkey","2006","1.408","1.714","0.247","0.312","","","","0.91",""
"Turkey","2005","1.378","1.663","0.248","0.311","","","","0.848",""
"Turkey","2004","1.343","1.645","0.247","0.313","","","","0.843",""
"Turkey","2003","1.324","1.628","0.249","0.314","","","","0.805",""
"Turkey","2002","1.308","1.619","0.233","0.317","","","","0.713",""
"Turkey","2001","1.296","1.649","0.232","0.319","","","","0.765",""
"Turkey","2000","1.248","1.628","0.233","0.321","","","","0.76",""
"Turkey","1999","1.219","1.659","0.212","0.328","","","","0.64",""
"Turkey","1998","1.168","1.666","0.203","0.324","","","","0.626",""
"Turkey","1997","1.13","1.649","0.195","0.315","","","","0.608",""
"Turkey","1996","1.106","1.613","0.193","0.307","","","","0.609",""
"Turkey","1995","1.1","1.646","0.186","0.303","","","","0.545",""
"Turkey","1994","1.062","1.482","0.185","0.296","","","","0.497",""
"Turkey","1993","1.002","1.486","0.182","0.291","","","","0.472",""
"Turkey","1992","0.953","1.43","0.179","0.277","","","","0.404",""
"Turkey","1991","0.907","1.384","0.181","0.273","","","","0.406",""
"Turkey","1990","0.879","1.309","0.183","0.274","","","","0.374",""
"Turkmenistan","2013","","","0.117","0.173","","","","",""
"Turkmenistan","2002","4.179","9.044","0.183","0.339","","","","1.637",""
"Tuvalu","2009","1.091","","","","","","","",""
"Tuvalu","2008","0.909","5.818","0.364","0.182","0.091","1.091","","0.818","0.364"
"Tuvalu","2003","0.909","4.545","0.182","0.182","","","","",""
"Tuvalu","2002","0.545","3.545","0.182","0.091","","","","",""
"Uganda","2012","","","","0.034","","","","",""
"Uganda","2005","0.117","1.306","0.015","0.026","","","0.188","0.534","0.107"
"Uganda","2004","0.083","0.71","0.014","0.026","0.064","0.039","","0.155","0.238"
"Ukraine","2013","3.543","7.67","0.692","0.042","","","","",""
"Ukraine","2001","","","","0.478","","","","",""
"United Arab Emirates","2011","","3.16","","","","","","",""
"United Arab Emirates","2010","2.533","4.839","","","","","","",""
"United Arab Emirates","2009","2.428","4.457","","","","","","",""
"United Arab Emirates","2008","2.737","4.961","","","","","","",""
"United Arab Emirates","2007","1.93","3.631","0.43","0.59","","","","",""
"United Arab Emirates","2006","","3.487","","","","","","",""
"United Arab Emirates","2005","1.545","3.302","","","","","","",""
"United Arab Emirates","2004","","4.707","0.448","0.657","","","","",""
"United Arab Emirates","2003","","4.693","","","","","","",""
"United Arab Emirates","2002","","4.377","0.289","0.409","","","","",""
"United Arab Emirates","2001","2.023","5.015","0.331","0.377","","","","",""
"United Arab Emirates","2000","","3.505","","","","","","",""
"United Arab Emirates","1999","","3.911","","","","","","",""
"United Arab Emirates","1998","","4.549","","","","","","",""
"United Arab Emirates","1997","","3.595","","","","","","",""
"United Arab Emirates","1996","","3.519","","","","","","",""
"United Arab Emirates","1995","","3.463","","","","","","",""
"United Arab Emirates","1994","","3.524","","","","","","",""
"United Arab Emirates","1993","","3.562","","","","","","",""
"United Arab Emirates","1992","","3.686","","","","","","",""
"United Arab Emirates","1991","","3.483","","","","","","",""
"United Arab Emirates","1990","","2.544","","","","","","",""
"United Kingdom of Great Britain and Northern Ireland","2013","2.809","8.801","0.538","0.812","","","","",""
"United Kingdom of Great Britain and Northern Ireland","1997","2.3","12.208","1.553","0.512","0.345","0.249","","11.214","12.766"
"United Republic of Tanzania","2012","0.031","0.436","0.011","0.014","0.048","0.043","","0.7","0.007"
"United Republic of Tanzania","2006","0.008","0.242","0.006","0.002","","","","0.175",""
"United Republic of Tanzania","2002","0.023","0.366","0.007","0.01","0.042","0.05","","0.828","0.01"
"United States of America","2011","2.452","","","","","","","8.459",""
"United States of America","2010","2.41","","","0.881","","","","8.579",""
"United States of America","2009","2.422","","","","","","","8.499",""
"United States of America","2008","2.416","","","","","","","",""
"United States of America","2007","2.41","","","","","","","",""
"United States of America","2006","2.402","","","","","","","",""
"United States of America","2005","2.409","9.815","","","","","","4.943",""
"United States of America","2004","2.672","","","","","","","",""
"United States of America","2000","2.564","9.367","1.627","0.876","2.284","","","14.521","12.379"
"United States of America","1995","2.395","8.798","","","","","","6.509",""
"Uruguay","2008","3.736","5.548","0.701","0.531","0.17","","","1.37","0.695"
"Uruguay","2002","3.652","0.849","1.161","","","","","",""
"Uzbekistan","2013","2.534","11.938","0.167","0.04","","","","1.825",""
"Uzbekistan","2012","2.565","11.953","0.168","0.04","","","","1.859",""
"Uzbekistan","2011","2.613","11.925","0.175","0.039","","","","1.907",""
"Uzbekistan","2010","2.538","11.355","0.164","0.038","","","","1.8",""
"Uzbekistan","2009","2.561","11.132","0.159","0.035","","","","1.775",""
"Vanuatu","2008","0.116","1.696","0.013","0.009","","","0.946","0.259",""
"Vanuatu","2007","0.119","1.571","","","","0.046","0.516","1.041","0.256"
"Vanuatu","2004","0.138","1.659","","","","","","",""
"Vanuatu","1997","0.11","2.352","","","","","","",""
"Venezuela (Bolivarian Republic of)","2001","1.939","1.131","0.553","","","","","",""
"Venezuela (Bolivarian Republic of)","1997","","0.657","","","","","","",""
"Viet Nam","2013","1.19","1.236","","","","","","",""
"Viet Nam","2012","1.275","1.283","","","","","","",""
"Viet Nam","2011","1.159","1.137","","0.312","","","","",""
"Viet Nam","2010","1.11","1.048","","","","","","",""
"Viet Nam","2009","1.109","0.955","","","","","","",""
"Viet Nam","2008","1.224","1.006","","0.324","","","","",""
"Viet Nam","2007","1.199","0.939","","0.308","","","","",""
"Viet Nam","2006","1.191","0.872","","0.283","","","","",""
"Viet Nam","2005","1.2","0.827","","0.276","","","","",""
"Viet Nam","2002","0.56","0.77","","0.3","","","","",""
"Viet Nam","2001","0.534","0.748","","0.075","","","","",""
"Yemen","2010","0.197","0.677","0.037","0.094","0.159","0.024","0.001","0.303","0.432"
"Yemen","2009","0.3","","0.1","","","","","",""
"Yemen","2008","0.3","","0.1","","","","","",""
"Yemen","2004","0.325","0.663","0.041","0.127","0.227","0.038","0.291","0.221","0.629"
"Yemen","1997","0.234","0.407","0.016","0.074","0.074","","","0.231",""
"Zambia","2012","0.173","","0.029","0.088","0.049","0.041","","0.354",""
"Zambia","2011","0.172","","0.028","0.08","0.044","0.037","","0.343",""
"Zambia","2010","0.066","0.784","0.019","0.025","0.043","0.089","","1.125","0.036"
"Zambia","2009","0.064","0.762","0.019","0.025","","0.089","","1.181","0.071"
"Zambia","2008","0.065","0.742","","","","0.077","0.732","0.128",""
"Zambia","2006","0.055","0.706","","","0.047","0.068","","0.138","0.928"
"Zambia","2005","0.055","0.717","","","0.036","0.069","0.841","1.062","0.033"
"Zambia","2004","0.137","2.015","0.045","0.074","0.13","0.094","","0.305","0.994"
"Zimbabwe","2011","0.083","1.335","0.02","0.037","0.053","0.143","","0.099","0.445"
"Zimbabwe","2010","0.068","1.271","0.018","0.035","0.046","0.11","","0.098","0.397"
"Zimbabwe","2009","0.062","1.251","0.014","0.19","0.039","0.088","","0.107","0.5"
"Zimbabwe","2008","0.056","1.035","0.014","0.025","0.044","0.09","","0.11","0.446"
"Zimbabwe","2007","0.051","1.122","0.015","0.024","0.036","0.096","","0.102","0.473"
"Zimbabwe","2004","0.161","0.724","0.024","0.068","0.037","","","0.246",""
"Zimbabwe","1995","0.139","1.485","0.016","0.06","0.064","0.091","","0.01",""
"Zimbabwe","1990","0.126","1.449","0.015","0.048","0.032","0.09","","0.005",""
